query	A2Y4S9	A4VND9	A4YQU0	A8HZ17	A8WQY3	A8X769	B4USV4	D3NRE7	D5ARP7	D5QVH0	D5WYQ5	D5WYQ6	M1V1V5	O06844	O13393	O22642	O23138	O34215	O50651	O69583	O93863	P00002	P00003	P00004	P00007	P00008	P00011	P00012	P00013	P00014	P00015	P00017	P00018	P00019	P00020	P00021	P00022	P00024	P00025	P00026	P00027	P00028	P00029	P00030	P00031	P00032	P00035	P00036	P00037	P00038	P00039	P00040	P00041	P00042	P00043	P00044	P00045	P00046	P00047	P00048	P00049	P00051	P00052	P00053	P00054	P00056	P00057	P00058	P00059	P00060	P00061	P00062	P00063	P00064	P00065	P00066	P00067	P00068	P00069	P00070	P00071	P00072	P00073	P00074	P00075	P00076	P00077	P00078	P00079	P00080	P00081	P00082	P00083	P00084	P00085	P00086	P00087	P00088	P00089	P00090
A2Y4S9	0.0	20.4	26.9	27.7	130.0	123.0	145.0	21.9	28.9	95.5	23.9		25.0	19.2	135.0	215.0	207.0	21.2	23.9	27.3	135.0	149.0	146.0	146.0	148.0	146.0	147.0	146.0	147.0	150.0	152.0	146.0	149.0	148.0	146.0	146.0	147.0	137.0	140.0	145.0	136.0	141.0	139.0	139.0	137.0	135.0	145.0	147.0	147.0	149.0	147.0	154.0	132.0	136.0	130.0	137.0	132.0	141.0	142.0	141.0	137.0	218.0	217.0	207.0	218.0	216.0	211.0	211.0	212.0	214.0	217.0	213.0	210.0	209.0	216.0	195.0	204.0	210.0	204.0	211.0	197.0	203.0	197.0	204.0	182.0	124.0	123.0	127.0	89.0	109.0	90.9	102.0	110.0	100.0	92.4	73.6	73.6	82.4	84.3	60.8
A4VND9	20.4	0.0	26.6	25.0	20.0		25.0	34.7	31.2	19.2	25.0	146.0	25.8	25.4		22.3	21.6	34.3	28.9	26.9		22.7	22.7	23.1	23.1	23.1	22.7	22.7	22.7	23.9	22.7	23.1	22.3	21.9	21.9	21.9	23.1	21.9	22.3	21.2	22.7	23.5	26.2	22.3	21.6	29.3	23.5	23.5	26.2	24.3	21.6	25.4	22.3		21.9			21.6	23.9	22.3	17.3	20.4	22.3	18.9	20.0	20.4	20.0	21.6	18.5	20.4	21.9		21.9	21.6	20.0	21.2	21.6	23.9	19.2	20.4	18.5	20.8	20.4	20.0	20.0				20.0	20.0	17.3		18.1	20.0	18.1	20.4	20.8	20.0	21.2	22.7
A4YQU0	26.9	26.6	0.0	357.0	25.0	27.3	28.5	296.0	258.0	25.0	28.5	34.3	35.4	22.3	24.6	26.6	27.7	29.6	20.4	44.3	29.3	26.2	25.4	28.9	28.5	28.5	28.9	28.9	28.5	28.1	32.0	28.1	28.1	28.1	28.5	28.1	28.5	30.0	29.6	29.3	28.9	28.9	30.4	28.5	28.5	31.6	31.2	31.2	30.4	30.4	29.6	30.0	31.2	26.2	24.6	26.6	24.3	25.4	28.1	23.9	30.0	26.6	26.9	28.9	26.6	26.6	26.2	27.7	26.9	26.2	25.8	24.3	26.6	25.8	26.6	27.3	26.6	26.2	27.7	26.6	24.6	26.6	26.2	26.2	28.9	21.2	25.0	25.8	26.6	24.6	22.7		18.5	21.9	21.6	18.1	17.7	19.6	21.9	
A8HZ17	27.7	25.0	357.0	0.0	23.1	23.5	26.2	286.0	267.0	18.9	29.6	30.0	36.6	19.6	26.9	29.3	27.3	30.0	19.6	33.1	29.6	23.5	23.5	26.2	25.4	25.8	25.4	25.4	25.4	27.3	25.4	24.6	26.9	26.2	24.6	24.6	27.7	25.4	27.3	25.8	27.3	24.3	26.2	26.6	25.4	25.0	26.6	26.6	25.4	26.2	26.2	26.9	33.5	26.2	27.3	25.8	27.7	29.3	27.7	28.5	29.6	26.6	26.9	27.3	27.7	28.5	28.9	28.5	30.0	28.1	26.6	23.9	26.2	28.9	27.3	24.6	24.6	28.1	26.9	25.0	25.8	28.1	26.2	29.3	30.8	24.6	24.6	24.3	22.7	21.6	20.8		18.9	20.4	18.1	19.2	23.1	21.9	24.6	19.6
A8WQY3	130.0	20.0	25.0	23.1	0.0	180.0	132.0	26.2	22.7	80.1	30.8	21.6	24.3	22.3	116.0	136.0	128.0	22.7	23.9	24.6	115.0	127.0	128.0	129.0	131.0	133.0	132.0	133.0	130.0	130.0	133.0	132.0	130.0	130.0	130.0	130.0	134.0	135.0	125.0	134.0	129.0	133.0	138.0	148.0	127.0	127.0	140.0	139.0	140.0	145.0	144.0	139.0	110.0	110.0	123.0	117.0	112.0	120.0	121.0	119.0	121.0	130.0	130.0	127.0	131.0	131.0	128.0	130.0	126.0	129.0	129.0	130.0	130.0	132.0	129.0	135.0	138.0	134.0	136.0	135.0	132.0	135.0	133.0	135.0	137.0	120.0	122.0	121.0	93.2	102.0	84.7	93.6	100.0	82.8	92.4	67.0	66.6	84.3	84.0	68.6
A8X769	123.0		27.3	23.5	180.0	0.0	126.0	25.8	23.5	75.1	28.1	19.6	19.6		107.0	130.0	123.0	20.8		25.0	111.0	125.0	125.0	125.0	126.0	129.0	127.0	129.0	126.0	129.0	125.0	128.0	129.0	127.0	128.0	127.0	132.0	123.0	118.0	127.0	125.0	125.0	136.0	134.0	129.0	122.0	130.0	129.0	129.0	134.0	134.0	135.0	102.0	101.0	110.0	103.0	110.0	113.0	114.0	112.0	112.0	123.0	123.0	123.0	124.0	124.0	121.0	122.0	120.0	122.0	123.0	123.0	120.0	124.0	122.0	126.0	127.0	122.0	127.0	127.0	124.0	126.0	123.0	122.0	127.0	107.0	105.0	104.0	90.9	90.1	84.7	92.8	92.0	84.0	87.0	66.2	64.7	83.2	83.2	65.9
B4USV4	145.0	25.0	28.5	26.2	132.0	126.0	0.0	24.6	26.6	88.6	27.3		24.3		142.0	149.0	139.0	25.4		28.1	132.0	195.0	195.0	197.0	204.0	205.0	201.0	199.0	199.0	200.0	186.0	198.0	197.0	196.0	198.0	200.0	192.0	192.0	180.0	187.0	179.0	182.0	177.0	170.0	169.0	160.0	179.0	177.0	174.0	169.0	181.0	179.0	138.0	138.0	142.0	138.0	137.0	156.0	150.0	142.0	138.0	142.0	142.0	138.0	149.0	143.0	148.0	147.0	144.0	147.0	151.0	140.0	144.0	144.0	139.0	144.0	144.0	149.0	145.0	142.0	140.0	155.0	145.0	152.0	142.0	121.0	116.0	118.0	92.0	93.2	82.8	98.2	113.0	106.0	98.2	72.8	75.1	89.4	92.8	63.2
D3NRE7	21.9	34.7	296.0	286.0	26.2	25.8	24.6	0.0	234.0	31.2	25.4	29.3	43.1	24.6		21.9	22.3	31.6	24.3	38.5		23.9	23.9	26.2	26.2	26.2	26.2	26.2	26.2	26.2	22.3	25.0	25.0	25.0	25.4	25.0	26.2	25.8	26.6	26.6	26.9	26.2	27.7	30.8	26.6	25.0	28.5	28.5	25.0	25.4	27.3	27.3	26.2					21.6	23.9	22.7	21.9	21.6	21.9	23.9	24.3	21.6	23.9	21.9	21.9	21.6	21.6		23.5	21.2	21.9	25.0	21.6	21.2	22.7	23.5	20.0	23.9	20.8	21.6	24.3	21.6	21.6	20.0	27.7	22.7	23.9	19.6		20.0	23.1	19.2	18.1	18.9	18.1	
D5ARP7	28.9	31.2	258.0	267.0	22.7	23.5	26.6	234.0	0.0	24.6	30.4	28.1	35.8	21.2	28.1	28.1	31.6	24.6	23.5	43.1	30.4	23.9	23.9	25.4	25.0	25.0	25.0	25.4	25.4	25.8	27.7	24.6	24.6	26.2	24.6	24.6	26.2	25.0	24.3	25.8	25.8	26.2	25.8	26.6	25.0	29.3	27.3	27.3	27.7	26.2	26.9	26.6	30.8	28.5	27.7	27.7	28.5	30.0	29.6	28.5	32.3	28.9	28.1	29.3	27.3	28.5	28.1	30.0	28.9	28.1	28.1	26.9	28.1	26.9	28.5	26.2	27.3	32.3	27.3	26.9	27.7	27.7	30.4	27.7	27.3	27.7	28.1	29.3	25.0	26.6	23.9		25.0	23.5	24.6	20.0	20.4	22.7	20.4	21.2
D5QVH0	95.5	19.2	25.0	18.9	80.1	75.1	88.6	31.2	24.6	0.0	19.6	18.9	20.0	24.3	81.6	94.7	90.5	20.0	21.2	19.6	76.3	92.0	91.3	90.9	92.8	92.8	92.0	91.7	93.2	92.4	88.2	96.7	97.1	95.5	95.5	96.7	97.8	89.4	94.0	93.2	93.2	88.6	88.6	91.7	92.4	87.8	94.4	94.4	94.4	99.8	99.8	91.3	75.5	78.2	79.7	83.6	83.2	89.4	92.0	91.7	91.7	93.2	94.4	99.8	91.3	91.7	94.7	96.7	96.3	94.0	97.1	100.0	97.8	95.1	95.1	96.3	97.8	90.1	92.4	93.6	85.9	90.5	86.7	94.4	84.3	75.9	72.4	77.4	84.7	75.1	92.0	122.0	120.0	143.0	147.0	77.8	77.4	86.7	89.7	54.3
D5WYQ5	23.9	25.0	28.5	29.6	30.8	28.1	27.3	25.4	30.4	19.6	0.0	21.2	26.2	30.0	24.6	26.9	23.9	21.2	26.6	31.2	24.3	25.4	24.6	26.2	26.2	27.3	26.2	26.2	26.2	25.8	28.5	26.6	25.8	26.2	26.2	26.2	25.8	26.9	30.0	30.4	27.7	26.9	23.5		24.6	27.7	26.6	25.4	23.1	25.4	24.6	25.8	22.7	21.6	24.6	20.0	18.5	20.4	20.8	22.7	21.6	23.9	23.9	23.9	24.6	23.9	24.3	26.2	25.8	25.0	25.4	23.5	23.9	25.0	23.9	25.8	23.1	22.3	24.6	23.9	22.3	23.9	22.7	23.1	26.9	27.3	23.9	26.9	24.3	25.0	19.6	21.9	20.0	23.1			17.3			20.8
D5WYQ6		146.0	34.3	30.0	21.6	19.6		29.3	28.1	18.9	21.2	0.0	30.0	21.6	18.5			24.3	23.1	32.3	21.9	20.4	20.4	20.4	20.0	20.0	20.0	20.0	20.4	19.6		20.0	20.8	21.2	20.4	20.8	21.9	22.3		20.8	23.5	21.2		18.5	21.9	19.6	21.9	21.9		18.9	20.4	20.8	17.3	20.8	20.8	20.8					21.6																								16.9			26.9		19.2	19.2		22.3	18.5		19.2	22.3		22.3	18.1
M1V1V5	25.0	25.8	35.4	36.6	24.3	19.6	24.3	43.1	35.8	20.0	26.2	30.0	0.0	25.4	20.4	24.6	22.3	263.0	23.1	28.1	22.3	21.2	20.4	23.5	23.1	22.3	23.1	23.1	21.9	22.3	22.7	21.9	23.9	23.5	23.1	23.1	24.6	24.6	26.2	26.6	26.2	25.8	26.9	22.3	18.9	25.0	28.1	27.7	27.3	23.9	25.8	23.9	22.7	21.2	23.1	21.9	20.8	25.0	26.6	25.4	23.5	24.6	24.6	21.9	24.6	23.1	22.7	24.3	23.1	23.9	25.4	22.7	24.6	22.3	23.1	24.3	23.5	25.8	22.3	24.6	22.3	23.1	26.2	22.7	26.9	20.8	21.6	22.3	22.7	21.6	20.4	18.9	18.9	26.6	18.1	20.0	21.6	20.8	22.3	
O06844	19.2	25.4	22.3	19.6	22.3			24.6	21.2	24.3	30.0	21.6	25.4	0.0	21.6			21.2	158.0	22.7	22.3																									20.4								19.6	19.6	18.9										19.2											21.9			19.2										19.6			17.7		17.3	17.3	17.3			
O13393	135.0		24.6	26.9	116.0	107.0	142.0		28.1	81.6	24.6	18.5	20.4	21.6	0.0	140.0	140.0	20.8	21.6	28.1	195.0	142.0	141.0	145.0	144.0	148.0	146.0	145.0	146.0	141.0	142.0	146.0	142.0	142.0	145.0	145.0	142.0	144.0	145.0	145.0	140.0	135.0	150.0	149.0	132.0	140.0	152.0	150.0	143.0	147.0	150.0	150.0	196.0	207.0	207.0	178.0	172.0	166.0	167.0	162.0	161.0	138.0	137.0	132.0	134.0	135.0	140.0	138.0	137.0	137.0	136.0	136.0	132.0	138.0	132.0	137.0	135.0	145.0	136.0	134.0	135.0	136.0	137.0	138.0	135.0	111.0	117.0	122.0	89.4	95.1	94.7	95.9	98.6	94.0	88.6	78.6	75.1	87.8	88.6	59.7
O22642	215.0	22.3	26.6	29.3	136.0	130.0	149.0	21.9	28.1	94.7	26.9		24.6		140.0	0.0	213.0	23.9	23.1	28.9	134.0	154.0	150.0	148.0	150.0	151.0	149.0	148.0	149.0	149.0	148.0	151.0	154.0	152.0	150.0	151.0	153.0	144.0	143.0	145.0	141.0	141.0	144.0	146.0	140.0	134.0	150.0	147.0	144.0	147.0	149.0	158.0	134.0	140.0	133.0	139.0	137.0	147.0	144.0	146.0	135.0	213.0	212.0	207.0	214.0	213.0	215.0	214.0	213.0	213.0	209.0	212.0	211.0	208.0	207.0	203.0	209.0	213.0	208.0	208.0	203.0	211.0	199.0	206.0	188.0	120.0	123.0	127.0	92.4	104.0	88.6	102.0	113.0	101.0	93.2	75.9	76.3	86.7	90.9	60.8
O23138	207.0	21.6	27.7	27.3	128.0	123.0	139.0	22.3	31.6	90.5	23.9		22.3		140.0	213.0	0.0	21.9	22.7	28.5	138.0	146.0	142.0	142.0	144.0	144.0	143.0	142.0	143.0	142.0	144.0	143.0	146.0	144.0	145.0	144.0	145.0	135.0	135.0	139.0	139.0	136.0	139.0	137.0	137.0	136.0	148.0	145.0	148.0	143.0	145.0	154.0	137.0	139.0	135.0	134.0	137.0	138.0	140.0	140.0	137.0	216.0	216.0	212.0	205.0	209.0	213.0	212.0	210.0	208.0	203.0	211.0	204.0	206.0	208.0	203.0	205.0	209.0	207.0	206.0	200.0	206.0	198.0	197.0	183.0	117.0	120.0	123.0	96.7	100.0	84.7	96.3	112.0	97.8	90.5	76.6	73.6	86.7	90.1	56.2
O34215	21.2	34.3	29.6	30.0	22.7	20.8	25.4	31.6	24.6	20.0	21.2	24.3	263.0	21.2	20.8	23.9	21.9	0.0		28.9	21.9	21.6	21.6	24.3	24.3	24.3	24.3	24.3	23.9	24.3	25.4	22.7	22.7	22.3	22.7	22.7	24.3	23.9	21.9	24.3	24.6	24.6	22.7	25.4	24.6	21.2	23.5	23.5	23.1	23.9	25.0	23.9	21.6	21.2	20.8	21.9	19.6	23.9	26.2	23.9	23.5	24.3	23.5	21.9	22.3	20.0	23.1	23.5	22.3	20.4	21.6	20.4	21.2	21.2	19.2	23.5	24.6	22.7	22.3	20.4	21.6	23.5	23.1	20.8	25.0	21.2		17.3	24.3	17.7	17.3	17.7	20.0	21.9	17.3	20.8	20.4	21.2	22.7	22.3
O50651	23.9	28.9	20.4	19.6	23.9			24.3	23.5	21.2	26.6	23.1	23.1	158.0	21.6	23.1	22.7		0.0	21.2	26.6			20.4	20.8		20.4	20.4	20.4	21.9	19.6									18.9		22.3				24.3				22.7		21.2		23.1	21.9	23.5						24.3	23.1	23.9	25.0	23.9	26.2	24.3	24.3	24.6	23.9	23.5	24.3	23.1	23.9	22.3	26.2	23.1	23.9	22.7	23.9	24.3	24.3	23.1	21.9	17.3				25.8			22.7		22.3	23.5	23.1	23.9	25.0	17.7
O69583	27.3	26.9	44.3	33.1	24.6	25.0	28.1	38.5	43.1	19.6	31.2	32.3	28.1	22.7	28.1	28.9	28.5	28.9	21.2	0.0	31.6	28.1	26.6	28.1	28.1	27.3	28.1	28.1	28.1	29.3	29.3	28.1	26.9	26.9	26.9	27.3	27.7	27.3	25.4	29.3	26.9	28.1	28.5	28.1	26.9	28.5	26.2	26.9	26.6	28.1	29.6	27.3	27.7	28.5	29.3	28.1	26.2	29.6	28.1	26.2	25.0	28.9	28.9	26.6	29.3	27.3	27.7	27.7	26.9	26.9	27.7	26.9	26.6	24.6	27.3	28.9	25.4	26.2	27.3	28.1	26.9	28.9	28.9	26.9	25.0	32.3	21.9	26.6	30.4	31.2	18.5	18.1	18.9	20.0	19.2	16.9	16.9	20.0	18.1	21.2
O93863	135.0		29.3	29.6	115.0	111.0	132.0		30.4	76.3	24.3	21.9	22.3	22.3	195.0	134.0	138.0	21.9	26.6	31.6	0.0	135.0	136.0	139.0	136.0	137.0	139.0	139.0	139.0	140.0	140.0	141.0	142.0	140.0	140.0	139.0	139.0	135.0	143.0	142.0	139.0	135.0	145.0	139.0	140.0	141.0	144.0	144.0	139.0	141.0	146.0	143.0	195.0	189.0	192.0	177.0	166.0	160.0	163.0	155.0	161.0	138.0	136.0	129.0	132.0	134.0	132.0	131.0	132.0	130.0	130.0	132.0	127.0	134.0	131.0	126.0	134.0	135.0	134.0	133.0	133.0	130.0	132.0	127.0	133.0	114.0	121.0	125.0	85.9	95.9	89.0	89.4	103.0	92.4	87.0	73.9	71.6	82.8	81.3	53.9
P00002	149.0	22.7	26.2	23.5	127.0	125.0	195.0	23.9	23.9	92.0	25.4	20.4	21.2		142.0	154.0	146.0	21.6		28.1	135.0	0.0	206.0	197.0	200.0	202.0	198.0	195.0	198.0	197.0	184.0	197.0	195.0	195.0	198.0	197.0	190.0	184.0	176.0	184.0	175.0	181.0	172.0	163.0	169.0	160.0	176.0	179.0	175.0	171.0	181.0	181.0	139.0	139.0	140.0	140.0	139.0	154.0	153.0	145.0	135.0	151.0	144.0	144.0	158.0	149.0	155.0	152.0	156.0	153.0	150.0	145.0	147.0	153.0	145.0	149.0	148.0	153.0	153.0	148.0	148.0	160.0	149.0	156.0	145.0	128.0	118.0	121.0	97.8	98.6	92.4	103.0	108.0	105.0	103.0	81.6	79.3	84.7	89.0	62.8
P00003	146.0	22.7	25.4	23.5	128.0	125.0	195.0	23.9	23.9	91.3	24.6	20.4	20.4		141.0	150.0	142.0	21.6		26.6	136.0	206.0	0.0	195.0	196.0	202.0	194.0	191.0	194.0	199.0	184.0	196.0	194.0	194.0	197.0	197.0	191.0	184.0	176.0	183.0	174.0	180.0	171.0	165.0	169.0	157.0	176.0	175.0	171.0	166.0	177.0	178.0	138.0	138.0	142.0	141.0	138.0	156.0	150.0	143.0	140.0	147.0	144.0	140.0	154.0	147.0	152.0	148.0	148.0	149.0	149.0	142.0	144.0	151.0	144.0	144.0	147.0	150.0	150.0	147.0	147.0	155.0	149.0	154.0	145.0	124.0	121.0	122.0	97.8	98.6	90.1	102.0	108.0	106.0	100.0	73.9	73.9	87.8	91.7	68.2
P00004	146.0	23.1	28.9	26.2	129.0	125.0	197.0	26.2	25.4	90.9	26.2	20.4	23.5		145.0	148.0	142.0	24.3	20.4	28.1	139.0	197.0	195.0	0.0	205.0	203.0	203.0	200.0	203.0	201.0	197.0	197.0	196.0	195.0	198.0	197.0	194.0	190.0	184.0	192.0	188.0	189.0	184.0	167.0	174.0	172.0	182.0	185.0	176.0	176.0	186.0	185.0	142.0	142.0	146.0	142.0	139.0	160.0	154.0	148.0	142.0	147.0	142.0	140.0	149.0	144.0	146.0	142.0	147.0	144.0	145.0	139.0	139.0	145.0	140.0	144.0	145.0	148.0	147.0	142.0	141.0	150.0	142.0	149.0	141.0	134.0	122.0	119.0	98.6	95.5	94.7	105.0	116.0	112.0	106.0	79.0	79.3	90.5	94.4	67.4
P00007	148.0	23.1	28.5	25.4	131.0	126.0	204.0	26.2	25.0	92.8	26.2	20.0	23.1		144.0	150.0	144.0	24.3	20.8	28.1	136.0	200.0	196.0	205.0	0.0	207.0	209.0	208.0	206.0	206.0	195.0	202.0	200.0	199.0	202.0	204.0	199.0	194.0	185.0	197.0	183.0	190.0	181.0	170.0	174.0	169.0	181.0	183.0	180.0	179.0	188.0	187.0	141.0	140.0	143.0	139.0	137.0	159.0	153.0	147.0	141.0	149.0	144.0	142.0	155.0	146.0	153.0	149.0	154.0	150.0	151.0	142.0	145.0	145.0	142.0	144.0	147.0	148.0	148.0	144.0	144.0	155.0	143.0	156.0	142.0	131.0	121.0	119.0	99.8	96.7	92.0	106.0	117.0	111.0	105.0	75.5	79.0	89.0	95.1	63.2
P00008	146.0	23.1	28.5	25.8	133.0	129.0	205.0	26.2	25.0	92.8	27.3	20.0	22.3		148.0	151.0	144.0	24.3		27.3	137.0	202.0	202.0	203.0	207.0	0.0	205.0	202.0	204.0	204.0	191.0	204.0	202.0	201.0	205.0	204.0	197.0	194.0	184.0	191.0	185.0	186.0	182.0	172.0	176.0	166.0	185.0	184.0	180.0	175.0	187.0	187.0	142.0	142.0	145.0	142.0	141.0	159.0	155.0	147.0	140.0	145.0	144.0	143.0	153.0	148.0	153.0	150.0	150.0	152.0	153.0	142.0	146.0	149.0	144.0	147.0	146.0	151.0	151.0	147.0	145.0	159.0	147.0	156.0	145.0	127.0	122.0	122.0	98.6	95.9	89.0	102.0	115.0	109.0	102.0	74.7	75.5	92.0	94.7	63.5
P00011	147.0	22.7	28.9	25.4	132.0	127.0	201.0	26.2	25.0	92.0	26.2	20.0	23.1		146.0	149.0	143.0	24.3	20.4	28.1	139.0	198.0	194.0	203.0	209.0	205.0	0.0	213.0	211.0	203.0	192.0	200.0	199.0	198.0	201.0	201.0	197.0	192.0	184.0	196.0	184.0	192.0	182.0	170.0	172.0	169.0	182.0	186.0	182.0	180.0	189.0	189.0	143.0	142.0	147.0	141.0	140.0	160.0	155.0	147.0	142.0	148.0	143.0	140.0	154.0	145.0	151.0	147.0	152.0	149.0	150.0	140.0	143.0	146.0	141.0	144.0	145.0	148.0	147.0	144.0	143.0	155.0	145.0	154.0	142.0	129.0	122.0	119.0	99.0	96.7	91.7	106.0	115.0	110.0	104.0	76.6	79.7	89.0	94.7	63.9
P00012	146.0	22.7	28.9	25.4	133.0	129.0	199.0	26.2	25.4	91.7	26.2	20.0	23.1		145.0	148.0	142.0	24.3	20.4	28.1	139.0	195.0	191.0	200.0	208.0	202.0	213.0	0.0	208.0	201.0	191.0	199.0	197.0	197.0	201.0	200.0	197.0	192.0	183.0	195.0	182.0	189.0	182.0	169.0	171.0	168.0	182.0	185.0	181.0	178.0	188.0	187.0	142.0	142.0	145.0	139.0	137.0	158.0	154.0	145.0	141.0	147.0	142.0	139.0	153.0	143.0	149.0	146.0	150.0	147.0	149.0	139.0	142.0	145.0	140.0	143.0	144.0	145.0	147.0	144.0	142.0	154.0	144.0	152.0	142.0	129.0	122.0	119.0	99.0	96.3	91.7	106.0	115.0	109.0	103.0	76.6	79.7	89.4	94.7	63.9
P00013	147.0	22.7	28.5	25.4	130.0	126.0	199.0	26.2	25.4	93.2	26.2	20.4	21.9		146.0	149.0	143.0	23.9	20.4	28.1	139.0	198.0	194.0	203.0	206.0	204.0	211.0	208.0	0.0	201.0	191.0	201.0	199.0	199.0	202.0	203.0	197.0	190.0	182.0	192.0	183.0	188.0	181.0	170.0	171.0	170.0	182.0	184.0	181.0	179.0	189.0	190.0	144.0	142.0	148.0	142.0	140.0	160.0	155.0	147.0	142.0	148.0	143.0	140.0	154.0	145.0	151.0	147.0	152.0	149.0	150.0	140.0	143.0	146.0	142.0	144.0	148.0	148.0	146.0	144.0	142.0	154.0	144.0	153.0	141.0	127.0	120.0	118.0	98.6	96.3	90.9	108.0	114.0	113.0	107.0	78.6	82.8	89.0	95.9	62.0
P00014	150.0	23.9	28.1	27.3	130.0	129.0	200.0	26.2	25.8	92.4	25.8	19.6	22.3		141.0	149.0	142.0	24.3	21.9	29.3	140.0	197.0	199.0	201.0	206.0	204.0	203.0	201.0	201.0	0.0	193.0	199.0	200.0	198.0	198.0	198.0	196.0	191.0	185.0	195.0	181.0	191.0	180.0	167.0	174.0	166.0	176.0	179.0	176.0	172.0	183.0	181.0	139.0	137.0	141.0	141.0	137.0	154.0	148.0	140.0	137.0	149.0	144.0	138.0	157.0	147.0	150.0	147.0	151.0	148.0	148.0	139.0	142.0	149.0	144.0	139.0	146.0	144.0	148.0	146.0	145.0	155.0	147.0	148.0	144.0	131.0	121.0	119.0	97.1	98.2	94.0	105.0	112.0	109.0	100.0	74.7	77.4	87.0	92.8	66.2
P00015	152.0	22.7	32.0	25.4	133.0	125.0	186.0	22.3	27.7	88.2	28.5		22.7		142.0	148.0	144.0	25.4	19.6	29.3	140.0	184.0	184.0	197.0	195.0	191.0	192.0	191.0	191.0	193.0	0.0	191.0	191.0	191.0	191.0	191.0	189.0	186.0	187.0	196.0	182.0	184.0	175.0	160.0	163.0	167.0	171.0	174.0	171.0	174.0	177.0	176.0	139.0	139.0	142.0	140.0	135.0	153.0	149.0	143.0	142.0	151.0	144.0	140.0	150.0	146.0	146.0	146.0	150.0	145.0	145.0	141.0	141.0	148.0	144.0	141.0	147.0	147.0	148.0	144.0	144.0	146.0	145.0	151.0	138.0	137.0	123.0	120.0	97.4	96.3	90.1	97.8	113.0	110.0	103.0	77.8	76.6	90.1	90.5	65.5
P00017	146.0	23.1	28.1	24.6	132.0	128.0	198.0	25.0	24.6	96.7	26.6	20.0	21.9		146.0	151.0	143.0	22.7		28.1	141.0	197.0	196.0	197.0	202.0	204.0	200.0	199.0	201.0	199.0	191.0	0.0	213.0	213.0	214.0	211.0	205.0	195.0	187.0	191.0	184.0	184.0	181.0	172.0	172.0	167.0	182.0	182.0	179.0	175.0	186.0	184.0	145.0	146.0	145.0	144.0	141.0	160.0	157.0	148.0	142.0	145.0	142.0	141.0	152.0	147.0	152.0	148.0	149.0	150.0	152.0	142.0	144.0	149.0	142.0	145.0	145.0	148.0	148.0	145.0	145.0	159.0	148.0	154.0	148.0	127.0	125.0	123.0	102.0	96.7	90.5	104.0	116.0	113.0	106.0	74.7	77.8	91.7	97.4	64.3
P00018	149.0	22.3	28.1	26.9	130.0	129.0	197.0	25.0	24.6	97.1	25.8	20.8	23.9		142.0	154.0	146.0	22.7		26.9	142.0	195.0	194.0	196.0	200.0	202.0	199.0	197.0	199.0	200.0	191.0	213.0	0.0	214.0	213.0	210.0	208.0	195.0	187.0	191.0	186.0	185.0	182.0	168.0	175.0	169.0	181.0	181.0	177.0	173.0	183.0	183.0	142.0	142.0	142.0	140.0	137.0	156.0	154.0	145.0	140.0	147.0	145.0	144.0	155.0	149.0	155.0	150.0	152.0	153.0	154.0	144.0	147.0	151.0	145.0	143.0	148.0	146.0	151.0	147.0	148.0	162.0	150.0	152.0	150.0	125.0	123.0	122.0	103.0	95.1	91.3	105.0	119.0	114.0	108.0	75.1	78.2	90.9	96.7	63.9
P00019	148.0	21.9	28.1	26.2	130.0	127.0	196.0	25.0	26.2	95.5	26.2	21.2	23.5		142.0	152.0	144.0	22.3		26.9	140.0	195.0	194.0	195.0	199.0	201.0	198.0	197.0	199.0	198.0	191.0	213.0	214.0	0.0	212.0	209.0	206.0	194.0	187.0	191.0	186.0	185.0	181.0	168.0	173.0	169.0	180.0	180.0	177.0	173.0	182.0	182.0	141.0	141.0	142.0	140.0	137.0	156.0	154.0	145.0	139.0	146.0	144.0	142.0	154.0	148.0	153.0	149.0	150.0	152.0	153.0	143.0	145.0	150.0	144.0	143.0	146.0	145.0	150.0	147.0	146.0	160.0	149.0	152.0	148.0	125.0	123.0	122.0	102.0	94.7	89.4	104.0	117.0	112.0	110.0	75.1	78.2	90.5	96.7	63.5
P00020	146.0	21.9	28.5	24.6	130.0	128.0	198.0	25.4	24.6	95.5	26.2	20.4	23.1		145.0	150.0	145.0	22.7		26.9	140.0	198.0	197.0	198.0	202.0	205.0	201.0	201.0	202.0	198.0	191.0	214.0	213.0	212.0	0.0	213.0	205.0	196.0	187.0	191.0	187.0	184.0	181.0	171.0	173.0	168.0	184.0	184.0	180.0	174.0	186.0	186.0	145.0	145.0	145.0	143.0	141.0	158.0	158.0	150.0	143.0	147.0	145.0	143.0	154.0	149.0	154.0	150.0	151.0	152.0	154.0	144.0	146.0	150.0	145.0	147.0	147.0	148.0	150.0	147.0	146.0	159.0	149.0	154.0	149.0	126.0	124.0	124.0	102.0	96.3	90.1	104.0	118.0	112.0	107.0	74.7	77.8	90.9	96.7	63.5
P00021	146.0	21.9	28.1	24.6	130.0	127.0	200.0	25.0	24.6	96.7	26.2	20.8	23.1		145.0	151.0	144.0	22.7		27.3	139.0	197.0	197.0	197.0	204.0	204.0	201.0	200.0	203.0	198.0	191.0	211.0	210.0	209.0	213.0	0.0	203.0	195.0	186.0	191.0	186.0	185.0	180.0	172.0	173.0	168.0	182.0	182.0	178.0	176.0	187.0	185.0	144.0	144.0	145.0	144.0	141.0	160.0	157.0	150.0	142.0	146.0	144.0	142.0	154.0	148.0	154.0	150.0	152.0	152.0	153.0	145.0	147.0	150.0	144.0	146.0	147.0	148.0	150.0	146.0	147.0	158.0	145.0	155.0	146.0	125.0	123.0	124.0	102.0	95.9	89.0	103.0	120.0	115.0	108.0	74.3	79.0	90.1	97.8	62.8
P00022	147.0	23.1	28.5	27.7	134.0	132.0	192.0	26.2	26.2	97.8	25.8	21.9	24.6		142.0	153.0	145.0	24.3		27.7	139.0	190.0	191.0	194.0	199.0	197.0	197.0	197.0	197.0	196.0	189.0	205.0	208.0	206.0	205.0	203.0	0.0	195.0	184.0	190.0	184.0	182.0	183.0	164.0	169.0	165.0	177.0	177.0	174.0	172.0	178.0	180.0	139.0	139.0	143.0	137.0	132.0	159.0	150.0	143.0	138.0	147.0	145.0	143.0	154.0	147.0	153.0	150.0	151.0	151.0	152.0	142.0	145.0	149.0	144.0	142.0	148.0	145.0	149.0	146.0	145.0	159.0	149.0	152.0	149.0	125.0	127.0	124.0	105.0	96.7	91.7	105.0	117.0	116.0	108.0	73.2	77.8	87.0	94.4	67.0
P00024	137.0	21.9	30.0	25.4	135.0	123.0	192.0	25.8	25.0	89.4	26.9	22.3	24.6		144.0	144.0	135.0	23.9		27.3	135.0	184.0	184.0	190.0	194.0	194.0	192.0	192.0	190.0	191.0	186.0	195.0	195.0	194.0	196.0	195.0	195.0	0.0	189.0	192.0	179.0	179.0	180.0	162.0	164.0	157.0	180.0	178.0	171.0	171.0	177.0	174.0	137.0	136.0	141.0	140.0	136.0	152.0	149.0	142.0	136.0	135.0	135.0	133.0	142.0	139.0	144.0	140.0	140.0	142.0	144.0	133.0	136.0	140.0	134.0	136.0	137.0	140.0	142.0	139.0	137.0	150.0	138.0	145.0	137.0	128.0	125.0	125.0	98.2	99.4	89.0	101.0	110.0	110.0	103.0	72.4	72.4	89.7	94.7	71.6
P00025	140.0	22.3	29.6	27.3	125.0	118.0	180.0	26.6	24.3	94.0	30.0		26.2		145.0	143.0	135.0	21.9		25.4	143.0	176.0	176.0	184.0	185.0	184.0	184.0	183.0	182.0	185.0	187.0	187.0	187.0	187.0	187.0	186.0	184.0	189.0	0.0	203.0	182.0	183.0	169.0	155.0	162.0	155.0	175.0	175.0	164.0	171.0	177.0	175.0	142.0	141.0	139.0	143.0	134.0	151.0	155.0	148.0	140.0	138.0	135.0	131.0	143.0	140.0	141.0	137.0	138.0	138.0	139.0	130.0	135.0	141.0	135.0	137.0	137.0	140.0	141.0	142.0	137.0	142.0	137.0	138.0	139.0	127.0	122.0	126.0	98.6	97.4	94.0	95.1	109.0	105.0	105.0	78.6	78.2	90.5	94.0	64.3
P00026	145.0	21.2	29.3	25.8	134.0	127.0	187.0	26.6	25.8	93.2	30.4	20.8	26.6		145.0	145.0	139.0	24.3	18.9	29.3	142.0	184.0	183.0	192.0	197.0	191.0	196.0	195.0	192.0	195.0	196.0	191.0	191.0	191.0	191.0	191.0	190.0	192.0	203.0	0.0	186.0	191.0	174.0	162.0	167.0	166.0	181.0	184.0	174.0	180.0	186.0	183.0	138.0	139.0	142.0	140.0	135.0	154.0	151.0	145.0	142.0	145.0	139.0	135.0	147.0	141.0	141.0	138.0	142.0	139.0	140.0	134.0	133.0	142.0	138.0	138.0	141.0	141.0	143.0	142.0	139.0	145.0	140.0	143.0	140.0	132.0	123.0	122.0	100.0	100.0	94.4	103.0	111.0	108.0	103.0	80.5	83.2	91.3	97.8	65.9
P00027	136.0	22.7	28.9	27.3	129.0	125.0	179.0	26.9	25.8	93.2	27.7	23.5	26.2		140.0	141.0	139.0	24.6		26.9	139.0	175.0	174.0	188.0	183.0	185.0	184.0	182.0	183.0	181.0	182.0	184.0	186.0	186.0	187.0	186.0	184.0	179.0	182.0	186.0	0.0	190.0	176.0	162.0	174.0	163.0	176.0	176.0	166.0	170.0	175.0	183.0	139.0	136.0	142.0	136.0	134.0	152.0	146.0	141.0	137.0	138.0	137.0	138.0	140.0	138.0	139.0	137.0	139.0	138.0	139.0	135.0	135.0	143.0	137.0	138.0	142.0	140.0	144.0	139.0	137.0	142.0	135.0	137.0	139.0	126.0	123.0	123.0	101.0	90.1	93.6	99.8	115.0	110.0	107.0	78.6	79.3	92.8	95.9	66.2
P00028	141.0	23.5	28.9	24.3	133.0	125.0	182.0	26.2	26.2	88.6	26.9	21.2	25.8		135.0	141.0	136.0	24.6	22.3	28.1	135.0	181.0	180.0	189.0	190.0	186.0	192.0	189.0	188.0	191.0	184.0	184.0	185.0	185.0	184.0	185.0	182.0	179.0	183.0	191.0	190.0	0.0	179.0	163.0	170.0	167.0	173.0	176.0	170.0	172.0	179.0	185.0	131.0	134.0	136.0	135.0	130.0	156.0	146.0	140.0	136.0	141.0	138.0	134.0	144.0	138.0	139.0	138.0	142.0	136.0	137.0	135.0	134.0	144.0	137.0	134.0	142.0	137.0	142.0	139.0	135.0	142.0	137.0	139.0	137.0	127.0	120.0	118.0	104.0	96.7	92.8	99.4	107.0	103.0	102.0	80.9	80.5	90.9	92.4	72.0
P00029	139.0	26.2	30.4	26.2	138.0	136.0	177.0	27.7	25.8	88.6	23.5		26.9		150.0	144.0	139.0	22.7		28.5	145.0	172.0	171.0	184.0	181.0	182.0	182.0	182.0	181.0	180.0	175.0	181.0	182.0	181.0	181.0	180.0	183.0	180.0	169.0	174.0	176.0	179.0	0.0	171.0	166.0	173.0	179.0	177.0	171.0	174.0	176.0	177.0	141.0	142.0	146.0	138.0	138.0	152.0	149.0	142.0	136.0	140.0	140.0	137.0	141.0	141.0	142.0	139.0	138.0	141.0	143.0	137.0	138.0	142.0	138.0	135.0	141.0	139.0	145.0	142.0	141.0	148.0	140.0	140.0	140.0	126.0	122.0	117.0	102.0	97.4	90.1	103.0	108.0	108.0	100.0	74.7	76.3	91.7	95.5	70.1
P00030	139.0	22.3	28.5	26.6	148.0	134.0	170.0	30.8	26.6	91.7		18.5	22.3		149.0	146.0	137.0	25.4		28.1	139.0	163.0	165.0	167.0	170.0	172.0	170.0	169.0	170.0	167.0	160.0	172.0	168.0	168.0	171.0	172.0	164.0	162.0	155.0	162.0	162.0	163.0	171.0	0.0	159.0	164.0	180.0	177.0	171.0	174.0	181.0	179.0	146.0	148.0	148.0	147.0	146.0	152.0	152.0	149.0	147.0	139.0	141.0	138.0	143.0	139.0	142.0	144.0	140.0	139.0	144.0	139.0	141.0	144.0	136.0	147.0	145.0	143.0	147.0	140.0	139.0	149.0	144.0	145.0	143.0	122.0	126.0	127.0	100.0	104.0	90.5	99.8	115.0	108.0	104.0	65.1	73.6	84.3	90.1	70.1
P00031	137.0	21.6	28.5	25.4	127.0	129.0	169.0	26.6	25.0	92.4	24.6	21.9	18.9		132.0	140.0	137.0	24.6		26.9	140.0	169.0	169.0	174.0	174.0	176.0	172.0	171.0	171.0	174.0	163.0	172.0	175.0	173.0	173.0	173.0	169.0	164.0	162.0	167.0	174.0	170.0	166.0	159.0	0.0	157.0	177.0	177.0	167.0	164.0	178.0	177.0	134.0	129.0	131.0	127.0	124.0	137.0	141.0	135.0	131.0	135.0	134.0	135.0	139.0	137.0	139.0	135.0	135.0	137.0	139.0	132.0	133.0	139.0	133.0	134.0	136.0	137.0	141.0	136.0	138.0	143.0	135.0	138.0	134.0	124.0	120.0	125.0	94.4	90.9	86.3	99.0	107.0	98.6	103.0	71.6	73.6	85.5	87.4	57.8
P00032	135.0	29.3	31.6	25.0	127.0	122.0	160.0	25.0	29.3	87.8	27.7	19.6	25.0	20.4	140.0	134.0	136.0	21.2	24.3	28.5	141.0	160.0	157.0	172.0	169.0	166.0	169.0	168.0	170.0	166.0	167.0	167.0	169.0	169.0	168.0	168.0	165.0	157.0	155.0	166.0	163.0	167.0	173.0	164.0	157.0	0.0	169.0	172.0	168.0	172.0	172.0	172.0	134.0	136.0	139.0	132.0	129.0	140.0	141.0	138.0	134.0	137.0	132.0	130.0	135.0	132.0	131.0	130.0	135.0	132.0	134.0	130.0	128.0	133.0	129.0	132.0	132.0	133.0	134.0	130.0	132.0	135.0	132.0	132.0	133.0	116.0	110.0	110.0	99.8	95.5	85.9	98.6	112.0	107.0	99.0	75.1	83.2	90.5	94.4	61.2
P00035	145.0	23.5	31.2	26.6	140.0	130.0	179.0	28.5	27.3	94.4	26.6	21.9	28.1		152.0	150.0	148.0	23.5		26.2	144.0	176.0	176.0	182.0	181.0	185.0	182.0	182.0	182.0	176.0	171.0	182.0	181.0	180.0	184.0	182.0	177.0	180.0	175.0	181.0	176.0	173.0	179.0	180.0	177.0	169.0	0.0	222.0	201.0	189.0	204.0	199.0	144.0	141.0	145.0	140.0	139.0	159.0	158.0	158.0	146.0	144.0	145.0	144.0	147.0	147.0	148.0	144.0	144.0	146.0	149.0	142.0	140.0	150.0	143.0	149.0	149.0	152.0	154.0	149.0	149.0	155.0	149.0	150.0	148.0	122.0	125.0	130.0	105.0	103.0	93.6	101.0	109.0	105.0	104.0	82.0	84.3	94.4	98.6	61.2
P00036	147.0	23.5	31.2	26.6	139.0	129.0	177.0	28.5	27.3	94.4	25.4	21.9	27.7		150.0	147.0	145.0	23.5		26.9	144.0	179.0	175.0	185.0	183.0	184.0	186.0	185.0	184.0	179.0	174.0	182.0	181.0	180.0	184.0	182.0	177.0	178.0	175.0	184.0	176.0	176.0	177.0	177.0	177.0	172.0	222.0	0.0	204.0	192.0	207.0	201.0	144.0	141.0	144.0	140.0	139.0	158.0	158.0	158.0	146.0	146.0	142.0	141.0	149.0	144.0	145.0	142.0	146.0	144.0	147.0	139.0	138.0	147.0	140.0	147.0	147.0	149.0	151.0	147.0	146.0	153.0	146.0	147.0	146.0	125.0	125.0	129.0	105.0	105.0	96.7	103.0	109.0	104.0	104.0	85.1	87.4	93.2	96.3	59.7
P00037	147.0	26.2	30.4	25.4	140.0	129.0	174.0	25.0	27.7	94.4	23.1		27.3		143.0	144.0	148.0	23.1		26.6	139.0	175.0	171.0	176.0	180.0	180.0	182.0	181.0	181.0	176.0	171.0	179.0	177.0	177.0	180.0	178.0	174.0	171.0	164.0	174.0	166.0	170.0	171.0	171.0	167.0	168.0	201.0	204.0	0.0	189.0	209.0	196.0	145.0	136.0	144.0	137.0	135.0	148.0	153.0	150.0	142.0	147.0	145.0	141.0	150.0	144.0	145.0	147.0	152.0	147.0	150.0	139.0	143.0	147.0	142.0	148.0	144.0	147.0	147.0	146.0	143.0	155.0	149.0	147.0	143.0	122.0	120.0	124.0	104.0	104.0	88.2	100.0	107.0	102.0	99.0	83.2	87.4	92.4	95.1	57.8
P00038	149.0	24.3	30.4	26.2	145.0	134.0	169.0	25.4	26.2	99.8	25.4	18.9	23.9		147.0	147.0	143.0	23.9	22.7	28.1	141.0	171.0	166.0	176.0	179.0	175.0	180.0	178.0	179.0	172.0	174.0	175.0	173.0	173.0	174.0	176.0	172.0	171.0	171.0	180.0	170.0	172.0	174.0	174.0	164.0	172.0	189.0	192.0	189.0	0.0	197.0	191.0	143.0	139.0	142.0	138.0	139.0	154.0	154.0	154.0	139.0	146.0	142.0	140.0	146.0	146.0	144.0	143.0	147.0	147.0	149.0	144.0	144.0	145.0	143.0	145.0	147.0	149.0	147.0	147.0	144.0	148.0	144.0	152.0	149.0	125.0	129.0	130.0	107.0	115.0	96.3	113.0	111.0	112.0	103.0	85.1	87.0	92.4	97.8	64.3
P00039	147.0	21.6	29.6	26.2	144.0	134.0	181.0	27.3	26.9	99.8	24.6	20.4	25.8		150.0	149.0	145.0	25.0		29.6	146.0	181.0	177.0	186.0	188.0	187.0	189.0	188.0	189.0	183.0	177.0	186.0	183.0	182.0	186.0	187.0	178.0	177.0	177.0	186.0	175.0	179.0	176.0	181.0	178.0	172.0	204.0	207.0	209.0	197.0	0.0	203.0	149.0	144.0	150.0	145.0	143.0	158.0	164.0	160.0	145.0	147.0	142.0	140.0	151.0	144.0	148.0	144.0	149.0	145.0	147.0	140.0	140.0	146.0	140.0	146.0	145.0	149.0	149.0	146.0	144.0	154.0	147.0	150.0	149.0	124.0	122.0	127.0	107.0	108.0	93.2	107.0	112.0	109.0	105.0	84.7	85.9	94.7	98.2	61.2
P00040	154.0	25.4	30.0	26.9	139.0	135.0	179.0	27.3	26.6	91.3	25.8	20.8	23.9		150.0	158.0	154.0	23.9	21.2	27.3	143.0	181.0	178.0	185.0	187.0	187.0	189.0	187.0	190.0	181.0	176.0	184.0	183.0	182.0	186.0	185.0	180.0	174.0	175.0	183.0	183.0	185.0	177.0	179.0	177.0	172.0	199.0	201.0	196.0	191.0	203.0	0.0	148.0	141.0	145.0	143.0	139.0	162.0	158.0	160.0	147.0	153.0	150.0	149.0	157.0	152.0	154.0	152.0	157.0	152.0	154.0	146.0	147.0	155.0	149.0	155.0	152.0	156.0	155.0	152.0	148.0	156.0	150.0	151.0	154.0	125.0	127.0	130.0	110.0	104.0	95.9	110.0	108.0	106.0	99.8	88.2	87.0	96.7	100.0	61.6
P00041	132.0	22.3	31.2	33.5	110.0	102.0	138.0	26.2	30.8	75.5	22.7	17.3	22.7		196.0	134.0	137.0	21.6		27.7	195.0	139.0	138.0	142.0	141.0	142.0	143.0	142.0	144.0	139.0	139.0	145.0	142.0	141.0	145.0	144.0	139.0	137.0	142.0	138.0	139.0	131.0	141.0	146.0	134.0	134.0	144.0	144.0	145.0	143.0	149.0	148.0	0.0	193.0	191.0	179.0	177.0	156.0	171.0	161.0	169.0	134.0	134.0	129.0	132.0	129.0	136.0	136.0	136.0	133.0	133.0	130.0	127.0	133.0	128.0	129.0	129.0	139.0	129.0	126.0	129.0	129.0	130.0	130.0	127.0	115.0	120.0	122.0	87.0	90.5	87.0	85.5	102.0	95.9	91.3	74.3	70.5	86.7	84.7	49.3
P00042	136.0		26.2	26.2	110.0	101.0	138.0		28.5	78.2	21.6	20.8	21.2	19.6	207.0	140.0	139.0	21.2	23.1	28.5	189.0	139.0	138.0	142.0	140.0	142.0	142.0	142.0	142.0	137.0	139.0	146.0	142.0	141.0	145.0	144.0	139.0	136.0	141.0	139.0	136.0	134.0	142.0	148.0	129.0	136.0	141.0	141.0	136.0	139.0	144.0	141.0	193.0	0.0	196.0	189.0	179.0	162.0	164.0	159.0	160.0	139.0	137.0	132.0	135.0	136.0	140.0	138.0	138.0	137.0	137.0	137.0	133.0	139.0	132.0	134.0	136.0	144.0	135.0	134.0	135.0	138.0	137.0	139.0	132.0	114.0	118.0	120.0	84.0	94.7	85.1	85.9	101.0	91.3	86.3	75.9	72.8	86.7	83.2	56.6
P00043	130.0	21.9	24.6	27.3	123.0	110.0	142.0		27.7	79.7	24.6	20.8	23.1	19.6	207.0	133.0	135.0	20.8	21.9	29.3	192.0	140.0	142.0	146.0	143.0	145.0	147.0	145.0	148.0	141.0	142.0	145.0	142.0	142.0	145.0	145.0	143.0	141.0	139.0	142.0	142.0	136.0	146.0	148.0	131.0	139.0	145.0	144.0	144.0	142.0	150.0	145.0	191.0	196.0	0.0	176.0	167.0	165.0	163.0	158.0	157.0	132.0	131.0	126.0	128.0	129.0	133.0	131.0	131.0	131.0	130.0	130.0	126.0	132.0	126.0	130.0	129.0	140.0	130.0	127.0	129.0	129.0	130.0	133.0	135.0	113.0	117.0	120.0	94.0	94.7	95.1	94.0	100.0	94.4	88.6	73.9	70.9	85.1	84.3	60.5
P00044	137.0		26.6	25.8	117.0	103.0	138.0		27.7	83.6	20.0	20.8	21.9	18.9	178.0	139.0	134.0	21.9	23.5	28.1	177.0	140.0	141.0	142.0	139.0	142.0	141.0	139.0	142.0	141.0	140.0	144.0	140.0	140.0	143.0	144.0	137.0	140.0	143.0	140.0	136.0	135.0	138.0	147.0	127.0	132.0	140.0	140.0	137.0	138.0	145.0	143.0	179.0	189.0	176.0	0.0	194.0	159.0	162.0	163.0	158.0	137.0	135.0	127.0	134.0	136.0	136.0	135.0	135.0	133.0	134.0	131.0	129.0	135.0	131.0	130.0	135.0	141.0	138.0	136.0	132.0	137.0	135.0	135.0	130.0	114.0	116.0	120.0	89.4	96.3	82.8	85.9	104.0	97.8	90.1	78.6	76.3	89.4	86.3	57.4
P00045	132.0		24.3	27.7	112.0	110.0	137.0		28.5	83.2	18.5		20.8		172.0	137.0	137.0	19.6		26.2	166.0	139.0	138.0	139.0	137.0	141.0	140.0	137.0	140.0	137.0	135.0	141.0	137.0	137.0	141.0	141.0	132.0	136.0	134.0	135.0	134.0	130.0	138.0	146.0	124.0	129.0	139.0	139.0	135.0	139.0	143.0	139.0	177.0	179.0	167.0	194.0	0.0	160.0	167.0	164.0	159.0	134.0	132.0	128.0	130.0	132.0	135.0	134.0	134.0	132.0	131.0	132.0	127.0	132.0	128.0	131.0	127.0	140.0	134.0	127.0	130.0	136.0	133.0	135.0	131.0	120.0	121.0	127.0	90.1	96.7	85.9	87.8	108.0	99.0	97.8	77.0	74.7	92.8	89.4	54.3
P00046	141.0	21.6	25.4	29.3	120.0	113.0	156.0	21.6	30.0	89.4	20.4		25.0		166.0	147.0	138.0	23.9		29.6	160.0	154.0	156.0	160.0	159.0	159.0	160.0	158.0	160.0	154.0	153.0	160.0	156.0	156.0	158.0	160.0	159.0	152.0	151.0	154.0	152.0	156.0	152.0	152.0	137.0	140.0	159.0	158.0	148.0	154.0	158.0	162.0	156.0	162.0	165.0	159.0	160.0	0.0	175.0	173.0	154.0	142.0	140.0	137.0	139.0	139.0	141.0	140.0	140.0	138.0	139.0	138.0	134.0	144.0	136.0	137.0	138.0	146.0	137.0	134.0	138.0	142.0	139.0	147.0	142.0	123.0	133.0	133.0	101.0	105.0	90.1	103.0	102.0	107.0	92.0	86.3	86.3	98.6	99.4	65.5
P00047	142.0	23.9	28.1	27.7	121.0	114.0	150.0	23.9	29.6	92.0	20.8		26.6		167.0	144.0	140.0	26.2		28.1	163.0	153.0	150.0	154.0	153.0	155.0	155.0	154.0	155.0	148.0	149.0	157.0	154.0	154.0	158.0	157.0	150.0	149.0	155.0	151.0	146.0	146.0	149.0	152.0	141.0	141.0	158.0	158.0	153.0	154.0	164.0	158.0	171.0	164.0	163.0	162.0	167.0	175.0	0.0	189.0	175.0	142.0	142.0	140.0	142.0	139.0	145.0	144.0	145.0	142.0	144.0	137.0	138.0	144.0	138.0	140.0	136.0	145.0	139.0	135.0	140.0	144.0	143.0	144.0	138.0	132.0	129.0	140.0	107.0	110.0	92.0	99.4	112.0	102.0	101.0	84.3	82.0	96.7	95.5	64.3
P00048	141.0	22.3	23.9	28.5	119.0	112.0	142.0	22.7	28.5	91.7	22.7		25.4		162.0	146.0	140.0	23.9		26.2	155.0	145.0	143.0	148.0	147.0	147.0	147.0	145.0	147.0	140.0	143.0	148.0	145.0	145.0	150.0	150.0	143.0	142.0	148.0	145.0	141.0	140.0	142.0	149.0	135.0	138.0	158.0	158.0	150.0	154.0	160.0	160.0	161.0	159.0	158.0	163.0	164.0	173.0	189.0	0.0	167.0	143.0	141.0	139.0	140.0	142.0	143.0	141.0	143.0	140.0	142.0	135.0	134.0	141.0	136.0	145.0	140.0	144.0	142.0	139.0	137.0	140.0	136.0	142.0	137.0	130.0	115.0	125.0	101.0	100.0	85.1	103.0	109.0	103.0	99.4	83.2	80.5	93.6	92.0	60.5
P00049	137.0	17.3	30.0	29.6	121.0	112.0	138.0	21.9	32.3	91.7	21.6	21.6	23.5		161.0	135.0	137.0	23.5		25.0	161.0	135.0	140.0	142.0	141.0	140.0	142.0	141.0	142.0	137.0	142.0	142.0	140.0	139.0	143.0	142.0	138.0	136.0	140.0	142.0	137.0	136.0	136.0	147.0	131.0	134.0	146.0	146.0	142.0	139.0	145.0	147.0	169.0	160.0	157.0	158.0	159.0	154.0	175.0	167.0	0.0	138.0	140.0	138.0	135.0	132.0	134.0	136.0	135.0	130.0	132.0	133.0	128.0	137.0	133.0	135.0	136.0	139.0	134.0	130.0	131.0	132.0	136.0	134.0	133.0	126.0	124.0	124.0	91.7	96.7	92.4	97.8	118.0	110.0	99.8	77.8	77.8	93.6	92.4	68.9
P00051	218.0	20.4	26.6	26.6	130.0	123.0	142.0	21.6	28.9	93.2	23.9		24.6		138.0	213.0	216.0	24.3	24.3	28.9	138.0	151.0	147.0	147.0	149.0	145.0	148.0	147.0	148.0	149.0	151.0	145.0	147.0	146.0	147.0	146.0	147.0	135.0	138.0	145.0	138.0	141.0	140.0	139.0	135.0	137.0	144.0	146.0	147.0	146.0	147.0	153.0	134.0	139.0	132.0	137.0	134.0	142.0	142.0	143.0	138.0	0.0	223.0	214.0	218.0	213.0	213.0	212.0	213.0	209.0	208.0	213.0	206.0	208.0	211.0	204.0	210.0	207.0	204.0	206.0	200.0	204.0	201.0	196.0	181.0	126.0	124.0	126.0	93.6	106.0	90.5	102.0	112.0	100.0	92.0	77.4	76.6	83.6	87.0	61.2
P00052	217.0	22.3	26.9	26.9	130.0	123.0	142.0	21.9	28.1	94.4	23.9		24.6		137.0	212.0	216.0	23.5	23.1	28.9	136.0	144.0	144.0	142.0	144.0	144.0	143.0	142.0	143.0	144.0	144.0	142.0	145.0	144.0	145.0	144.0	145.0	135.0	135.0	139.0	137.0	138.0	140.0	141.0	134.0	132.0	145.0	142.0	145.0	142.0	142.0	150.0	134.0	137.0	131.0	135.0	132.0	140.0	142.0	141.0	140.0	223.0	0.0	218.0	216.0	211.0	214.0	216.0	212.0	211.0	213.0	217.0	210.0	213.0	216.0	206.0	210.0	204.0	204.0	207.0	199.0	206.0	201.0	197.0	180.0	124.0	125.0	127.0	92.8	103.0	88.2	99.4	114.0	100.0	90.9	72.0	73.6	84.3	89.0	63.2
P00053	207.0	18.9	28.9	27.3	127.0	123.0	138.0	23.9	29.3	99.8	23.9		21.9		132.0	207.0	212.0	21.9	23.9	26.6	129.0	144.0	140.0	140.0	142.0	143.0	140.0	139.0	140.0	138.0	140.0	141.0	144.0	142.0	143.0	142.0	143.0	133.0	131.0	135.0	138.0	134.0	137.0	138.0	135.0	130.0	144.0	141.0	141.0	140.0	140.0	149.0	129.0	132.0	126.0	127.0	128.0	137.0	140.0	139.0	138.0	214.0	218.0	0.0	208.0	206.0	212.0	212.0	210.0	209.0	207.0	213.0	206.0	209.0	209.0	205.0	205.0	201.0	205.0	199.0	197.0	202.0	195.0	196.0	179.0	117.0	121.0	123.0	93.2	102.0	89.7	102.0	116.0	104.0	97.1	72.8	70.5	83.6	86.7	59.3
P00054	218.0	20.0	26.6	27.7	131.0	124.0	149.0	24.3	27.3	91.3	24.6		24.6		134.0	214.0	205.0	22.3	25.0	29.3	132.0	158.0	154.0	149.0	155.0	153.0	154.0	153.0	154.0	157.0	150.0	152.0	155.0	154.0	154.0	154.0	154.0	142.0	143.0	147.0	140.0	144.0	141.0	143.0	139.0	135.0	147.0	149.0	150.0	146.0	151.0	157.0	132.0	135.0	128.0	134.0	130.0	139.0	142.0	140.0	135.0	218.0	216.0	208.0	0.0	210.0	219.0	217.0	217.0	217.0	215.0	207.0	209.0	207.0	210.0	198.0	203.0	201.0	203.0	204.0	199.0	210.0	196.0	198.0	180.0	122.0	125.0	129.0	89.4	107.0	94.4	99.0	113.0	96.3	95.1	73.2	72.4	80.1	82.8	61.6
P00056	216.0	20.4	26.6	28.5	131.0	124.0	143.0	21.6	28.5	91.7	23.9		23.1	19.2	135.0	213.0	209.0	20.0	23.9	27.3	134.0	149.0	147.0	144.0	146.0	148.0	145.0	143.0	145.0	147.0	146.0	147.0	149.0	148.0	149.0	148.0	147.0	139.0	140.0	141.0	138.0	138.0	141.0	139.0	137.0	132.0	147.0	144.0	144.0	146.0	144.0	152.0	129.0	136.0	129.0	136.0	132.0	139.0	139.0	142.0	132.0	213.0	211.0	206.0	210.0	0.0	211.0	209.0	207.0	214.0	212.0	211.0	207.0	209.0	219.0	197.0	206.0	210.0	208.0	213.0	202.0	208.0	199.0	202.0	184.0	117.0	121.0	124.0	91.7	108.0	86.3	96.3	109.0	101.0	89.4	69.3	66.2	80.9	84.7	62.4
P00057	211.0	20.0	26.2	28.9	128.0	121.0	148.0	23.9	28.1	94.7	24.3		22.7		140.0	215.0	213.0	23.1	26.2	27.7	132.0	155.0	152.0	146.0	153.0	153.0	151.0	149.0	151.0	150.0	146.0	152.0	155.0	153.0	154.0	154.0	153.0	144.0	141.0	141.0	139.0	139.0	142.0	142.0	139.0	131.0	148.0	145.0	145.0	144.0	148.0	154.0	136.0	140.0	133.0	136.0	135.0	141.0	145.0	143.0	134.0	213.0	214.0	212.0	219.0	211.0	0.0	223.0	220.0	221.0	214.0	212.0	214.0	211.0	210.0	197.0	203.0	206.0	206.0	203.0	202.0	211.0	196.0	203.0	181.0	119.0	122.0	124.0	93.2	102.0	87.0	97.1	112.0	99.8	95.5	72.8	69.3	84.3	88.2	58.2
P00058	211.0	21.6	27.7	28.5	130.0	122.0	147.0	21.9	30.0	96.7	26.2		24.3		138.0	214.0	212.0	23.5	24.3	27.7	131.0	152.0	148.0	142.0	149.0	150.0	147.0	146.0	147.0	147.0	146.0	148.0	150.0	149.0	150.0	150.0	150.0	140.0	137.0	138.0	137.0	138.0	139.0	144.0	135.0	130.0	144.0	142.0	147.0	143.0	144.0	152.0	136.0	138.0	131.0	135.0	134.0	140.0	144.0	141.0	136.0	212.0	216.0	212.0	217.0	209.0	223.0	0.0	223.0	217.0	215.0	215.0	218.0	211.0	211.0	199.0	206.0	207.0	207.0	204.0	201.0	209.0	198.0	201.0	182.0	120.0	124.0	127.0	93.2	103.0	85.5	98.2	112.0	100.0	94.4	71.6	70.9	83.2	86.7	61.2
P00059	212.0	18.5	26.9	30.0	126.0	120.0	144.0	21.9	28.9	96.3	25.8		23.1		137.0	213.0	210.0	22.3	24.3	26.9	132.0	156.0	148.0	147.0	154.0	150.0	152.0	150.0	152.0	151.0	150.0	149.0	152.0	150.0	151.0	152.0	151.0	140.0	138.0	142.0	139.0	142.0	138.0	140.0	135.0	135.0	144.0	146.0	152.0	147.0	149.0	157.0	136.0	138.0	131.0	135.0	134.0	140.0	145.0	143.0	135.0	213.0	212.0	210.0	217.0	207.0	220.0	223.0	0.0	218.0	211.0	213.0	216.0	209.0	209.0	197.0	202.0	202.0	206.0	202.0	199.0	208.0	195.0	202.0	179.0	124.0	123.0	125.0	95.1	105.0	87.8	100.0	112.0	99.8	94.0	76.3	72.4	83.6	86.3	57.8
P00060	214.0	20.4	26.2	28.1	129.0	122.0	147.0	21.6	28.1	94.0	25.0		23.9		137.0	213.0	208.0	20.4	24.6	26.9	130.0	153.0	149.0	144.0	150.0	152.0	149.0	147.0	149.0	148.0	145.0	150.0	153.0	152.0	152.0	152.0	151.0	142.0	138.0	139.0	138.0	136.0	141.0	139.0	137.0	132.0	146.0	144.0	147.0	147.0	145.0	152.0	133.0	137.0	131.0	133.0	132.0	138.0	142.0	140.0	130.0	209.0	211.0	209.0	217.0	214.0	221.0	217.0	218.0	0.0	221.0	214.0	217.0	208.0	214.0	201.0	201.0	207.0	204.0	206.0	199.0	209.0	195.0	207.0	184.0	115.0	121.0	123.0	90.9	105.0	84.0	98.6	112.0	99.8	92.0	70.9	68.2	82.8	86.7	58.5
P00061	217.0	21.9	25.8	26.6	129.0	123.0	151.0	21.6	28.1	97.1	25.4		25.4		136.0	209.0	203.0	21.6	23.9	27.7	130.0	150.0	149.0	145.0	151.0	153.0	150.0	149.0	150.0	148.0	145.0	152.0	154.0	153.0	154.0	153.0	152.0	144.0	139.0	140.0	139.0	137.0	143.0	144.0	139.0	134.0	149.0	147.0	150.0	149.0	147.0	154.0	133.0	137.0	130.0	134.0	131.0	139.0	144.0	142.0	132.0	208.0	213.0	207.0	215.0	212.0	214.0	215.0	211.0	221.0	0.0	212.0	214.0	206.0	212.0	196.0	201.0	205.0	202.0	204.0	197.0	207.0	194.0	202.0	182.0	119.0	122.0	125.0	91.7	108.0	88.6	102.0	115.0	102.0	94.0	69.3	71.2	84.3	88.2	60.8
P00062	213.0		24.3	23.9	130.0	123.0	140.0		26.9	100.0	23.5		22.7		136.0	212.0	211.0	20.4	23.5	26.9	132.0	145.0	142.0	139.0	142.0	142.0	140.0	139.0	140.0	139.0	141.0	142.0	144.0	143.0	144.0	145.0	142.0	133.0	130.0	134.0	135.0	135.0	137.0	139.0	132.0	130.0	142.0	139.0	139.0	144.0	140.0	146.0	130.0	137.0	130.0	131.0	132.0	138.0	137.0	135.0	133.0	213.0	217.0	213.0	207.0	211.0	212.0	215.0	213.0	214.0	212.0	0.0	219.0	208.0	216.0	201.0	207.0	209.0	205.0	207.0	197.0	204.0	196.0	202.0	185.0	117.0	119.0	121.0	93.2	103.0	84.0	102.0	113.0	102.0	94.0	73.9	73.6	85.1	89.4	59.7
P00063	210.0	21.9	26.6	26.2	130.0	120.0	144.0	23.5	28.1	97.8	23.9		24.6		132.0	211.0	204.0	21.2	24.3	26.6	127.0	147.0	144.0	139.0	145.0	146.0	143.0	142.0	143.0	142.0	141.0	144.0	147.0	145.0	146.0	147.0	145.0	136.0	135.0	133.0	135.0	134.0	138.0	141.0	133.0	128.0	140.0	138.0	143.0	144.0	140.0	147.0	127.0	133.0	126.0	129.0	127.0	134.0	138.0	134.0	128.0	206.0	210.0	206.0	209.0	207.0	214.0	218.0	216.0	217.0	214.0	219.0	0.0	206.0	211.0	198.0	202.0	207.0	201.0	207.0	199.0	205.0	196.0	203.0	186.0	113.0	121.0	124.0	88.6	105.0	84.7	98.6	110.0	99.8	90.1	68.9	68.9	80.5	84.0	58.5
P00064	209.0	21.6	25.8	28.9	132.0	124.0	144.0	21.2	26.9	95.1	25.0		22.3		138.0	208.0	206.0	21.2	23.1	24.6	134.0	153.0	151.0	145.0	145.0	149.0	146.0	145.0	146.0	149.0	148.0	149.0	151.0	150.0	150.0	150.0	149.0	140.0	141.0	142.0	143.0	144.0	142.0	144.0	139.0	133.0	150.0	147.0	147.0	145.0	146.0	155.0	133.0	139.0	132.0	135.0	132.0	144.0	144.0	141.0	137.0	208.0	213.0	209.0	207.0	209.0	211.0	211.0	209.0	208.0	206.0	208.0	206.0	0.0	211.0	194.0	206.0	201.0	204.0	203.0	199.0	206.0	203.0	196.0	185.0	122.0	124.0	126.0	92.0	105.0	85.9	96.7	110.0	105.0	91.7	75.1	71.6	84.0	88.2	62.4
P00065	216.0	20.0	26.6	27.3	129.0	122.0	139.0	21.9	28.5	95.1	23.9		23.1		132.0	207.0	208.0	19.2	23.9	27.3	131.0	145.0	144.0	140.0	142.0	144.0	141.0	140.0	142.0	144.0	144.0	142.0	145.0	144.0	145.0	144.0	144.0	134.0	135.0	138.0	137.0	137.0	138.0	136.0	133.0	129.0	143.0	140.0	142.0	143.0	140.0	149.0	128.0	132.0	126.0	131.0	128.0	136.0	138.0	136.0	133.0	211.0	216.0	209.0	210.0	219.0	210.0	211.0	209.0	214.0	212.0	216.0	211.0	211.0	0.0	195.0	208.0	204.0	207.0	212.0	199.0	206.0	197.0	198.0	181.0	117.0	120.0	122.0	90.9	106.0	85.5	97.1	108.0	102.0	90.1	69.7	66.6	80.9	84.7	62.0
P00066	195.0	21.2	27.3	24.6	135.0	126.0	144.0	25.0	26.2	96.3	25.8		24.3		137.0	203.0	203.0	23.5	22.3	28.9	126.0	149.0	144.0	144.0	144.0	147.0	144.0	143.0	144.0	139.0	141.0	145.0	143.0	143.0	147.0	146.0	142.0	136.0	137.0	138.0	138.0	134.0	135.0	147.0	134.0	132.0	149.0	147.0	148.0	145.0	146.0	155.0	129.0	134.0	130.0	130.0	131.0	137.0	140.0	145.0	135.0	204.0	206.0	205.0	198.0	197.0	197.0	199.0	197.0	201.0	196.0	201.0	198.0	194.0	195.0	0.0	200.0	199.0	201.0	200.0	188.0	195.0	189.0	195.0	179.0	116.0	120.0	127.0	88.6	99.0	90.5	97.1	111.0	100.0	96.3	70.5	69.3	84.0	86.7	59.7
P00067	204.0	21.6	26.6	24.6	138.0	127.0	144.0	21.6	27.3	97.8	23.1		23.5	21.9	135.0	209.0	205.0	24.6	26.2	25.4	134.0	148.0	147.0	145.0	147.0	146.0	145.0	144.0	148.0	146.0	147.0	145.0	148.0	146.0	147.0	147.0	148.0	137.0	137.0	141.0	142.0	142.0	141.0	145.0	136.0	132.0	149.0	147.0	144.0	147.0	145.0	152.0	129.0	136.0	129.0	135.0	127.0	138.0	136.0	140.0	136.0	210.0	210.0	205.0	203.0	206.0	203.0	206.0	202.0	201.0	201.0	207.0	202.0	206.0	208.0	200.0	0.0	200.0	209.0	207.0	201.0	201.0	196.0	195.0	179.0	120.0	120.0	123.0	90.9	100.0	86.3	101.0	110.0	102.0	96.3	76.6	75.9	82.8	87.4	60.8
P00068	210.0	23.9	26.2	28.1	134.0	122.0	149.0	21.2	32.3	90.1	22.3		25.8		145.0	213.0	209.0	22.7	23.1	26.2	135.0	153.0	150.0	148.0	148.0	151.0	148.0	145.0	148.0	144.0	147.0	148.0	146.0	145.0	148.0	148.0	145.0	140.0	140.0	141.0	140.0	137.0	139.0	143.0	137.0	133.0	152.0	149.0	147.0	149.0	149.0	156.0	139.0	144.0	140.0	141.0	140.0	146.0	145.0	144.0	139.0	207.0	204.0	201.0	201.0	210.0	206.0	207.0	202.0	207.0	205.0	209.0	207.0	201.0	204.0	199.0	200.0	0.0	199.0	206.0	204.0	201.0	204.0	202.0	191.0	118.0	117.0	122.0	90.1	105.0	80.5	97.4	107.0	102.0	89.4	74.7	74.3	86.3	90.1	55.1
P00069	204.0	19.2	27.7	26.9	136.0	127.0	145.0	22.7	27.3	92.4	24.6		22.3		136.0	208.0	207.0	22.3	23.9	27.3	134.0	153.0	150.0	147.0	148.0	151.0	147.0	147.0	146.0	148.0	148.0	148.0	151.0	150.0	150.0	150.0	149.0	142.0	141.0	143.0	144.0	142.0	145.0	147.0	141.0	134.0	154.0	151.0	147.0	147.0	149.0	155.0	129.0	135.0	130.0	138.0	134.0	137.0	139.0	142.0	134.0	204.0	204.0	205.0	203.0	208.0	206.0	207.0	206.0	204.0	202.0	205.0	201.0	204.0	207.0	201.0	209.0	199.0	0.0	212.0	200.0	206.0	192.0	200.0	178.0	121.0	123.0	126.0	93.6	104.0	90.1	98.2	111.0	98.6	94.0	72.0	68.2	83.2	85.5	64.3
P00070	211.0	20.4	26.6	25.0	135.0	127.0	142.0	23.5	26.9	93.6	23.9		24.6	19.2	134.0	208.0	206.0	20.4	22.7	28.1	133.0	148.0	147.0	142.0	144.0	147.0	144.0	144.0	144.0	146.0	144.0	145.0	147.0	147.0	147.0	146.0	146.0	139.0	142.0	142.0	139.0	139.0	142.0	140.0	136.0	130.0	149.0	147.0	146.0	147.0	146.0	152.0	126.0	134.0	127.0	136.0	127.0	134.0	135.0	139.0	130.0	206.0	207.0	199.0	204.0	213.0	203.0	204.0	202.0	206.0	204.0	207.0	207.0	203.0	212.0	200.0	207.0	206.0	212.0	0.0	201.0	204.0	197.0	198.0	183.0	121.0	121.0	125.0	94.0	107.0	87.4	103.0	110.0	99.8	89.4	73.2	70.5	87.0	88.6	62.4
P00071	197.0	18.5	24.6	25.8	132.0	124.0	140.0	20.0	27.7	85.9	22.3		22.3		135.0	203.0	200.0	21.6	23.9	26.9	133.0	148.0	147.0	141.0	144.0	145.0	143.0	142.0	142.0	145.0	144.0	145.0	148.0	146.0	146.0	147.0	145.0	137.0	137.0	139.0	137.0	135.0	141.0	139.0	138.0	132.0	149.0	146.0	143.0	144.0	144.0	148.0	129.0	135.0	129.0	132.0	130.0	138.0	140.0	137.0	131.0	200.0	199.0	197.0	199.0	202.0	202.0	201.0	199.0	199.0	197.0	197.0	199.0	199.0	199.0	188.0	201.0	204.0	200.0	201.0	0.0	199.0	207.0	193.0	181.0	117.0	119.0	124.0	87.8	103.0	82.8	92.4	107.0	97.1	88.2	70.5	69.3	81.3	84.7	53.1
P00072	203.0	20.8	26.6	28.1	135.0	126.0	155.0	23.9	27.7	90.5	23.9		23.1		136.0	211.0	206.0	23.5	24.3	28.9	130.0	160.0	155.0	150.0	155.0	159.0	155.0	154.0	154.0	155.0	146.0	159.0	162.0	160.0	159.0	158.0	159.0	150.0	142.0	145.0	142.0	142.0	148.0	149.0	143.0	135.0	155.0	153.0	155.0	148.0	154.0	156.0	129.0	138.0	129.0	137.0	136.0	142.0	144.0	140.0	132.0	204.0	206.0	202.0	210.0	208.0	211.0	209.0	208.0	209.0	207.0	204.0	205.0	206.0	206.0	195.0	201.0	201.0	206.0	204.0	199.0	0.0	208.0	205.0	183.0	118.0	127.0	129.0	92.4	106.0	87.4	98.2	116.0	98.6	96.7	73.2	71.6	85.9	90.1	61.6
P00073	197.0	20.4	26.2	26.2	133.0	123.0	145.0	20.8	30.4	86.7	22.7		26.2		137.0	199.0	198.0	23.1	24.3	28.9	132.0	149.0	149.0	142.0	143.0	147.0	145.0	144.0	144.0	147.0	145.0	148.0	150.0	149.0	149.0	145.0	149.0	138.0	137.0	140.0	135.0	137.0	140.0	144.0	135.0	132.0	149.0	146.0	149.0	144.0	147.0	150.0	130.0	137.0	130.0	135.0	133.0	139.0	143.0	136.0	136.0	201.0	201.0	195.0	196.0	199.0	196.0	198.0	195.0	195.0	194.0	196.0	196.0	203.0	197.0	189.0	196.0	204.0	192.0	197.0	207.0	208.0	0.0	191.0	186.0	115.0	118.0	124.0	89.4	105.0	82.0	92.0	108.0	99.4	88.6	74.3	74.7	82.0	85.9	58.5
P00074	204.0	20.0	26.2	29.3	135.0	122.0	152.0	21.6	27.7	94.4	23.1		22.7		138.0	206.0	197.0	20.8	23.1	26.9	127.0	156.0	154.0	149.0	156.0	156.0	154.0	152.0	153.0	148.0	151.0	154.0	152.0	152.0	154.0	155.0	152.0	145.0	138.0	143.0	137.0	139.0	140.0	145.0	138.0	132.0	150.0	147.0	147.0	152.0	150.0	151.0	130.0	139.0	133.0	135.0	135.0	147.0	144.0	142.0	134.0	196.0	197.0	196.0	198.0	202.0	203.0	201.0	202.0	207.0	202.0	202.0	203.0	196.0	198.0	195.0	195.0	202.0	200.0	198.0	193.0	205.0	191.0	0.0	179.0	117.0	122.0	124.0	92.8	105.0	84.0	96.7	110.0	100.0	93.6	68.2	66.2	83.6	86.3	60.8
P00075	182.0	20.0	28.9	30.8	137.0	127.0	142.0	24.3	27.3	84.3	26.9	16.9	26.9		135.0	188.0	183.0	25.0	21.9	25.0	133.0	145.0	145.0	141.0	142.0	145.0	142.0	142.0	141.0	144.0	138.0	148.0	150.0	148.0	149.0	146.0	149.0	137.0	139.0	140.0	139.0	137.0	140.0	143.0	134.0	133.0	148.0	146.0	143.0	149.0	149.0	154.0	127.0	132.0	135.0	130.0	131.0	142.0	138.0	137.0	133.0	181.0	180.0	179.0	180.0	184.0	181.0	182.0	179.0	184.0	182.0	185.0	186.0	185.0	181.0	179.0	179.0	191.0	178.0	183.0	181.0	183.0	186.0	179.0	0.0	112.0	120.0	122.0	86.7	97.4	86.3	103.0	103.0	92.8	79.0	75.1	72.8	82.8	86.7	56.6
P00076	124.0		21.2	24.6	120.0	107.0	121.0	21.6	27.7	75.9	27.3		20.8		111.0	120.0	117.0	21.2	17.3	32.3	114.0	128.0	124.0	134.0	131.0	127.0	129.0	129.0	127.0	131.0	137.0	127.0	125.0	125.0	126.0	125.0	125.0	128.0	127.0	132.0	126.0	127.0	126.0	122.0	124.0	116.0	122.0	125.0	122.0	125.0	124.0	125.0	115.0	114.0	113.0	114.0	120.0	123.0	132.0	130.0	126.0	126.0	124.0	117.0	122.0	117.0	119.0	120.0	124.0	115.0	119.0	117.0	113.0	122.0	117.0	116.0	120.0	118.0	121.0	121.0	117.0	118.0	115.0	117.0	112.0	0.0	125.0	131.0	99.0	110.0	83.6	92.0	94.7	90.9	83.6	78.2	80.5	94.7	92.4	64.3
P00077	123.0		25.0	24.6	122.0	105.0	116.0	21.6	28.1	72.4	23.9		21.6		117.0	123.0	120.0			21.9	121.0	118.0	121.0	122.0	121.0	122.0	122.0	122.0	120.0	121.0	123.0	125.0	123.0	123.0	124.0	123.0	127.0	125.0	122.0	123.0	123.0	120.0	122.0	126.0	120.0	110.0	125.0	125.0	120.0	129.0	122.0	127.0	120.0	118.0	117.0	116.0	121.0	133.0	129.0	115.0	124.0	124.0	125.0	121.0	125.0	121.0	122.0	124.0	123.0	121.0	122.0	119.0	121.0	124.0	120.0	120.0	120.0	117.0	123.0	121.0	119.0	127.0	118.0	122.0	120.0	125.0	0.0	209.0	90.1	120.0	88.2	92.0	105.0	91.7	88.2	66.2	66.2	80.5	84.0	74.7
P00078	127.0		25.8	24.3	121.0	104.0	118.0	20.0	29.3	77.4	26.9	26.9	22.3		122.0	127.0	123.0	17.3		26.6	125.0	121.0	122.0	119.0	119.0	122.0	119.0	119.0	118.0	119.0	120.0	123.0	122.0	122.0	124.0	124.0	124.0	125.0	126.0	122.0	123.0	118.0	117.0	127.0	125.0	110.0	130.0	129.0	124.0	130.0	127.0	130.0	122.0	120.0	120.0	120.0	127.0	133.0	140.0	125.0	124.0	126.0	127.0	123.0	129.0	124.0	124.0	127.0	125.0	123.0	125.0	121.0	124.0	126.0	122.0	127.0	123.0	122.0	126.0	125.0	124.0	129.0	124.0	124.0	122.0	131.0	209.0	0.0	89.0	129.0	89.7	95.5	105.0	87.0	92.0	73.2	73.2	86.3	87.4	76.6
P00079	89.0	20.0	26.6	22.7	93.2	90.9	92.0	27.7	25.0	84.7	24.3		22.7		89.4	92.4	96.7	24.3		30.4	85.9	97.8	97.8	98.6	99.8	98.6	99.0	99.0	98.6	97.1	97.4	102.0	103.0	102.0	102.0	102.0	105.0	98.2	98.6	100.0	101.0	104.0	102.0	100.0	94.4	99.8	105.0	105.0	104.0	107.0	107.0	110.0	87.0	84.0	94.0	89.4	90.1	101.0	107.0	101.0	91.7	93.6	92.8	93.2	89.4	91.7	93.2	93.2	95.1	90.9	91.7	93.2	88.6	92.0	90.9	88.6	90.9	90.1	93.6	94.0	87.8	92.4	89.4	92.8	86.7	99.0	90.1	89.0	0.0	86.3	75.5	82.8	79.3	85.1	75.5	64.7	66.6	69.7	73.2	54.3
P00080	109.0	20.0	24.6	21.6	102.0	90.1	93.2	22.7	26.6	75.1	25.0	19.2	21.6	19.6	95.1	104.0	100.0	17.7	25.8	31.2	95.9	98.6	98.6	95.5	96.7	95.9	96.7	96.3	96.3	98.2	96.3	96.7	95.1	94.7	96.3	95.9	96.7	99.4	97.4	100.0	90.1	96.7	97.4	104.0	90.9	95.5	103.0	105.0	104.0	115.0	108.0	104.0	90.5	94.7	94.7	96.3	96.7	105.0	110.0	100.0	96.7	106.0	103.0	102.0	107.0	108.0	102.0	103.0	105.0	105.0	108.0	103.0	105.0	105.0	106.0	99.0	100.0	105.0	104.0	107.0	103.0	106.0	105.0	105.0	97.4	110.0	120.0	129.0	86.3	0.0	81.3	92.0	91.3	88.2	75.1	73.6	79.0	85.1	82.4	63.9
P00081	90.9	17.3	22.7	20.8	84.7	84.7	82.8	23.9	23.9	92.0	19.6	19.2	20.4		94.7	88.6	84.7	17.3		18.5	89.0	92.4	90.1	94.7	92.0	89.0	91.7	91.7	90.9	94.0	90.1	90.5	91.3	89.4	90.1	89.0	91.7	89.0	94.0	94.4	93.6	92.8	90.1	90.5	86.3	85.9	93.6	96.7	88.2	96.3	93.2	95.9	87.0	85.1	95.1	82.8	85.9	90.1	92.0	85.1	92.4	90.5	88.2	89.7	94.4	86.3	87.0	85.5	87.8	84.0	88.6	84.0	84.7	85.9	85.5	90.5	86.3	80.5	90.1	87.4	82.8	87.4	82.0	84.0	86.3	83.6	88.2	89.7	75.5	81.3	0.0	91.3	99.0	91.7	109.0	73.6	70.1	76.6	75.9	63.5
P00082	102.0				93.6	92.8	98.2	19.6		122.0	21.9		18.9		95.9	102.0	96.3	17.7		18.1	89.4	103.0	102.0	105.0	106.0	102.0	106.0	106.0	108.0	105.0	97.8	104.0	105.0	104.0	104.0	103.0	105.0	101.0	95.1	103.0	99.8	99.4	103.0	99.8	99.0	98.6	101.0	103.0	100.0	113.0	107.0	110.0	85.5	85.9	94.0	85.9	87.8	103.0	99.4	103.0	97.8	102.0	99.4	102.0	99.0	96.3	97.1	98.2	100.0	98.6	102.0	102.0	98.6	96.7	97.1	97.1	101.0	97.4	98.2	103.0	92.4	98.2	92.0	96.7	103.0	92.0	92.0	95.5	82.8	92.0	91.3	0.0	115.0	117.0	91.3	83.6	86.7	99.4	102.0	71.6
P00083	110.0	18.1	18.5	18.9	100.0	92.0	113.0		25.0	120.0	20.0	22.3	18.9	17.7	98.6	113.0	112.0	20.0	22.7	18.9	103.0	108.0	108.0	116.0	117.0	115.0	115.0	115.0	114.0	112.0	113.0	116.0	119.0	117.0	118.0	120.0	117.0	110.0	109.0	111.0	115.0	107.0	108.0	115.0	107.0	112.0	109.0	109.0	107.0	111.0	112.0	108.0	102.0	101.0	100.0	104.0	108.0	102.0	112.0	109.0	118.0	112.0	114.0	116.0	113.0	109.0	112.0	112.0	112.0	112.0	115.0	113.0	110.0	110.0	108.0	111.0	110.0	107.0	111.0	110.0	107.0	116.0	108.0	110.0	103.0	94.7	105.0	105.0	79.3	91.3	99.0	115.0	0.0	136.0	144.0	77.8	77.8	96.7	99.8	82.8
P00084	100.0	20.0	21.9	20.4	82.8	84.0	106.0	20.0	23.5	143.0	23.1	18.5	26.6		94.0	101.0	97.8	21.9		20.0	92.4	105.0	106.0	112.0	111.0	109.0	110.0	109.0	113.0	109.0	110.0	113.0	114.0	112.0	112.0	115.0	116.0	110.0	105.0	108.0	110.0	103.0	108.0	108.0	98.6	107.0	105.0	104.0	102.0	112.0	109.0	106.0	95.9	91.3	94.4	97.8	99.0	107.0	102.0	103.0	110.0	100.0	100.0	104.0	96.3	101.0	99.8	100.0	99.8	99.8	102.0	102.0	99.8	105.0	102.0	100.0	102.0	102.0	98.6	99.8	97.1	98.6	99.4	100.0	92.8	90.9	91.7	87.0	85.1	88.2	91.7	117.0	136.0	0.0	132.0	75.9	82.0	92.8	93.6	68.9
P00085	92.4	18.1	21.6	18.1	92.4	87.0	98.2	23.1	24.6	147.0			18.1	17.3	88.6	93.2	90.5	17.3	22.3	19.2	87.0	103.0	100.0	106.0	105.0	102.0	104.0	103.0	107.0	100.0	103.0	106.0	108.0	110.0	107.0	108.0	108.0	103.0	105.0	103.0	107.0	102.0	100.0	104.0	103.0	99.0	104.0	104.0	99.0	103.0	105.0	99.8	91.3	86.3	88.6	90.1	97.8	92.0	101.0	99.4	99.8	92.0	90.9	97.1	95.1	89.4	95.5	94.4	94.0	92.0	94.0	94.0	90.1	91.7	90.1	96.3	96.3	89.4	94.0	89.4	88.2	96.7	88.6	93.6	79.0	83.6	88.2	92.0	75.5	75.1	109.0	91.3	144.0	132.0	0.0	82.0	83.2	86.3	88.6	61.6
P00086	73.6	20.4	18.1	19.2	67.0	66.2	72.8	19.2	20.0	77.8		19.2	20.0	17.3	78.6	75.9	76.6	20.8	23.5	16.9	73.9	81.6	73.9	79.0	75.5	74.7	76.6	76.6	78.6	74.7	77.8	74.7	75.1	75.1	74.7	74.3	73.2	72.4	78.6	80.5	78.6	80.9	74.7	65.1	71.6	75.1	82.0	85.1	83.2	85.1	84.7	88.2	74.3	75.9	73.9	78.6	77.0	86.3	84.3	83.2	77.8	77.4	72.0	72.8	73.2	69.3	72.8	71.6	76.3	70.9	69.3	73.9	68.9	75.1	69.7	70.5	76.6	74.7	72.0	73.2	70.5	73.2	74.3	68.2	75.1	78.2	66.2	73.2	64.7	73.6	73.6	83.6	77.8	75.9	82.0	0.0	175.0	137.0	127.0	44.7
P00087	73.6	20.8	17.7	23.1	66.6	64.7	75.1	18.1	20.4	77.4	17.3	22.3	21.6	17.3	75.1	76.3	73.6	20.4	23.1	16.9	71.6	79.3	73.9	79.3	79.0	75.5	79.7	79.7	82.8	77.4	76.6	77.8	78.2	78.2	77.8	79.0	77.8	72.4	78.2	83.2	79.3	80.5	76.3	73.6	73.6	83.2	84.3	87.4	87.4	87.0	85.9	87.0	70.5	72.8	70.9	76.3	74.7	86.3	82.0	80.5	77.8	76.6	73.6	70.5	72.4	66.2	69.3	70.9	72.4	68.2	71.2	73.6	68.9	71.6	66.6	69.3	75.9	74.3	68.2	70.5	69.3	71.6	74.7	66.2	72.8	80.5	66.2	73.2	66.6	79.0	70.1	86.7	77.8	82.0	83.2	175.0	0.0	126.0	130.0	47.8
P00088	82.4	20.0	19.6	21.9	84.3	83.2	89.4	18.9	22.7	86.7			20.8		87.8	86.7	86.7	21.2	23.9	20.0	82.8	84.7	87.8	90.5	89.0	92.0	89.0	89.4	89.0	87.0	90.1	91.7	90.9	90.5	90.9	90.1	87.0	89.7	90.5	91.3	92.8	90.9	91.7	84.3	85.5	90.5	94.4	93.2	92.4	92.4	94.7	96.7	86.7	86.7	85.1	89.4	92.8	98.6	96.7	93.6	93.6	83.6	84.3	83.6	80.1	80.9	84.3	83.2	83.6	82.8	84.3	85.1	80.5	84.0	80.9	84.0	82.8	86.3	83.2	87.0	81.3	85.9	82.0	83.6	82.8	94.7	80.5	86.3	69.7	85.1	76.6	99.4	96.7	92.8	86.3	137.0	126.0	0.0	174.0	61.6
P00089	84.3	21.2	21.9	24.6	84.0	83.2	92.8	18.1	20.4	89.7		22.3	22.3		88.6	90.9	90.1	22.7	25.0	18.1	81.3	89.0	91.7	94.4	95.1	94.7	94.7	94.7	95.9	92.8	90.5	97.4	96.7	96.7	96.7	97.8	94.4	94.7	94.0	97.8	95.9	92.4	95.5	90.1	87.4	94.4	98.6	96.3	95.1	97.8	98.2	100.0	84.7	83.2	84.3	86.3	89.4	99.4	95.5	92.0	92.4	87.0	89.0	86.7	82.8	84.7	88.2	86.7	86.3	86.7	88.2	89.4	84.0	88.2	84.7	86.7	87.4	90.1	85.5	88.6	84.7	90.1	85.9	86.3	86.7	92.4	84.0	87.4	73.2	82.4	75.9	102.0	99.8	93.6	88.6	127.0	130.0	174.0	0.0	60.5
P00090	60.8	22.7		19.6	68.6	65.9	63.2		21.2	54.3	20.8	18.1			59.7	60.8	56.2	22.3	17.7	21.2	53.9	62.8	68.2	67.4	63.2	63.5	63.9	63.9	62.0	66.2	65.5	64.3	63.9	63.5	63.5	62.8	67.0	71.6	64.3	65.9	66.2	72.0	70.1	70.1	57.8	61.2	61.2	59.7	57.8	64.3	61.2	61.6	49.3	56.6	60.5	57.4	54.3	65.5	64.3	60.5	68.9	61.2	63.2	59.3	61.6	62.4	58.2	61.2	57.8	58.5	60.8	59.7	58.5	62.4	62.0	59.7	60.8	55.1	64.3	62.4	53.1	61.6	58.5	60.8	56.6	64.3	74.7	76.6	54.3	63.9	63.5	71.6	82.8	68.9	61.6	44.7	47.8	61.6	60.5	0.0
