Q27749	Q27749	273
Q27749	P02290	258
Q27749	P06145	195
Q27749	P06146	188
Q27749	P16887	187
Q27749	P07794	181
Q27749	P02287	180
Q27749	P35068	177
Q27749	Q93079	176
Q27749	Q64478	176
Q27749	P16888	170
Q27749	P48989	166
Q27749	Q6FWM8	166
Q27749	Q74ZL5	164
Q27749	P02293	163
Q27749	P04913	163
Q27749	Q6CK60	161
Q27749	P13281	52.4
Q27749	Q74ZL4	21.9
Q27749	Q6FWM7	21.6
Q27749	P04909	21.2
Q27749	P04911	21.2
Q27749	P04908	19.2
Q27749	Q8CGP6	19.2
Q27749	Q9ULR3	18.9
Q27749	Q3HNG7	18.1
Q27749	P53551	17.7
P02287	P02287	249
P02287	Q93079	192
P02287	Q64478	191
P02287	P07794	188
P02287	P35068	184
P02287	P16888	181
P02287	P06145	173
P02287	P02290	172
P02287	P48989	171
P02287	P16887	171
P02287	Q27749	171
P02287	P06146	169
P02287	P02293	168
P02287	Q6FWM8	167
P02287	P04913	167
P02287	Q74ZL5	166
P02287	Q6CK60	164
P02287	P0CN98	26.6
P02287	P04735	25.8
P02287	Q6FWM7	25.0
P02287	P04908	24.6
P02287	Q8CGP6	24.6
P02287	P04909	24.6
P02287	Q74ZL4	24.3
P02287	P04911	23.9
P02287	Q86QH9	18.5
P02287	Q05831	18.1
P02287	P53551	17.7
P02287	Q3HNG7	17.7
P02290	P02290	287
P02290	Q27749	258
P02290	P06145	198
P02290	P06146	191
P02290	P16887	189
P02290	P07794	182
P02290	P02287	181
P02290	P35068	178
P02290	Q64478	178
P02290	Q93079	178
P02290	P16888	173
P02290	Q6FWM8	165
P02290	P04913	163
P02290	P48989	163
P02290	Q74ZL5	163
P02290	P02293	162
P02290	Q6CK60	160
P02290	P13281	42.4
P02290	P0CN98	25.0
P02290	Q6FWM7	24.3
P02290	Q74ZL4	23.1
P02290	P04909	23.1
P02290	P04911	23.1
P02290	P04735	22.7
P02290	P04908	21.2
P02290	Q8CGP6	21.2
P02290	Q9ULR3	18.1
P02290	Q99284	17.3
P02290	P34225	17.7
P04735	P04735	247
P04735	Q8CGP6	212
P04735	P04908	212
P04735	Q74ZL4	195
P04735	P04909	187
P04735	P04911	187
P04735	Q6FWM7	186
P04735	P0CN98	183
P04735	P02287	25.8
P04735	Q93079	25.4
P04735	Q64478	25.4
P04735	P35068	25.4
P04735	P07794	25.0
P04735	Q74ZL5	24.6
P04735	Q6FWM8	24.3
P04735	P02293	23.9
P04735	P04913	23.9
P04735	P48989	23.9
P04735	Q6CK60	23.9
P04735	P02290	21.9
P04735	Q9P8F8	21.2
P04735	P06145	21.2
P04735	O13777	18.1
P04735	A0A8B7Y813	17.7
P04735	A0A8B7Y9T9	17.7
P04735	Q8VIK3	17.3
P06145	P06145	276
P06145	P02290	199
P06145	Q27749	197
P06145	P06146	189
P06145	P16887	189
P06145	P02287	186
P06145	P07794	185
P06145	Q93079	181
P06145	Q64478	181
P06145	P35068	178
P06145	P16888	173
P06145	Q6FWM8	165
P06145	Q74ZL5	164
P06145	P48989	164
P06145	P02293	164
P06145	Q6CK60	162
P06145	P04913	160
P06145	P13281	44.3
P06145	Q6FWM7	23.5
P06145	P04911	22.3
P06145	Q74ZL4	22.3
P06145	P04909	22.3
P06145	P04735	21.9
P06145	P04908	20.4
P06145	Q8CGP6	20.4
P06146	P06146	281
P06146	P16887	231
P06146	Q93079	181
P06146	Q64478	181
P06146	P02287	180
P06146	P07794	177
P06146	P06145	176
P06146	P02290	175
P06146	P35068	173
P06146	Q27749	169
P06146	P16888	165
P06146	Q74ZL5	162
P06146	P48989	161
P06146	Q6FWM8	161
P06146	P02293	161
P06146	Q6CK60	160
P06146	P04913	158
P06146	P13281	28.1
P06146	Q99284	25.0
P06146	P0CN98	22.7
P06146	P04908	22.3
P06146	Q8CGP6	22.3
P06146	Q74ZL4	21.9
P06146	Q6FWM7	21.6
P06146	P04911	21.6
P06146	P53551	17.7
P07794	P07794	249
P07794	P02287	194
P07794	Q93079	188
P07794	Q64478	188
P07794	P35068	187
P07794	P16888	184
P07794	P16887	174
P07794	P02290	174
P07794	P06145	173
P07794	P06146	173
P07794	Q74ZL5	172
P07794	Q27749	172
P07794	Q6FWM8	171
P07794	P48989	169
P07794	Q6CK60	168
P07794	P02293	167
P07794	P04913	167
P07794	Q74ZL4	27.3
P07794	P04735	26.6
P07794	P0CN98	26.2
P07794	Q6FWM7	25.0
P07794	P04908	24.3
P07794	Q8CGP6	24.3
P07794	P04909	24.3
P07794	P04911	23.9
P07794	Q6FJX6	17.7
P07794	Q3HNG7	17.3
P13281	Q27749	52.4
P13281	P13281	49.7
P13281	P06145	37.4
P13281	P02290	37.4
P13281	P06146	28.5
P13281	P16887	25.0
P13281	Q9ULR3	16.5
P13281	P15865	16.2
P16887	P16887	280
P16887	P06146	230
P16887	P02287	182
P16887	P07794	179
P16887	Q64478	178
P16887	Q93079	177
P16887	P35068	176
P16887	P06145	176
P16887	P02290	173
P16887	Q27749	170
P16887	P16888	166
P16887	P48989	159
P16887	Q74ZL5	158
P16887	P02293	157
P16887	Q6FWM8	157
P16887	Q6CK60	156
P16887	P04913	154
P16887	P13281	24.6
P16887	Q74ZL4	22.3
P16887	Q6FWM7	21.9
P16887	P04908	21.9
P16887	Q99284	21.6
P16887	Q8CGP6	21.6
P16887	P04909	21.6
P16887	P04911	20.8
P16887	Q0V7M1	18.5
P16887	P34225	18.1
P16888	P16888	248
P16888	P02287	202
P16888	Q93079	199
P16888	Q64478	199
P16888	P07794	198
P16888	P35068	189
P16888	Q6FWM8	175
P16888	P48989	173
P16888	P02293	173
P16888	Q74ZL5	173
P16888	P02290	172
P16888	P06145	172
P16888	P04913	171
P16888	Q6CK60	170
P16888	Q27749	169
P16888	P16887	166
P16888	P06146	165
P16888	P04909	23.9
P16888	P04908	21.9
P16888	Q8CGP6	21.9
P16888	Q0V7M1	20.8
P16888	Q91YA2	20.8
P16888	Q3HNG7	20.0
P16888	A0A0P0E482	18.1
P16888	Q75C22	17.7
P16888	P53551	17.7
P16888	Q86QH9	17.3
P02257	P02257	307
P02257	Q99284	120
P02257	P07796	79.0
P02257	P06144	77.4
P02257	P06894	70.9
P02257	P40265	72.4
P02257	Q18336	67.0
P02257	P19375	66.2
P02257	P15869	66.2
P02257	P35060	63.5
P02257	A0A2Z5U3Q6	63.9
P02257	P15870	61.6
P02257	P15865	54.3
P02257	Q05831	52.8
P02257	Q3HNG7	53.5
P02257	P10412	52.8
P02257	Q86QH9	52.0
P02257	Q8IZA3	52.4
P02257	P16403	51.2
P02257	P16402	50.8
P02257	Q86QI0	48.1
P02257	Q99282	41.2
P02257	P22975	40.8
P02257	Q8J0U2	42.0
P02257	P40286	42.0
P02257	Q8VIK3	42.0
P02257	D4A3K5	40.4
P02257	P22492	40.4
P02257	P06348	39.3
P02257	Q9P8F8	38.5
P02257	Q9UV33	38.1
P02257	Q07133	37.4
P02257	Q92522	36.6
P02257	P06349	36.2
P02257	Q75C22	30.8
P02257	P53551	30.4
P02257	Q6FJX6	28.5
P02257	A0A8B7Y813	25.8
P02257	A0A8B7Y9T9	25.4
P02257	Q8CJI4	24.6
P02257	P06146	23.9
P02257	A0A9Q1BUN4	22.3
P02257	Q24255	22.3
P02257	A0A7M7NK35	21.2
P02257	Q75WM6	20.8
P02257	P02290	20.0
P02257	P16887	19.6
P02257	Q27749	19.6
P02257	P06145	18.1
P06144	P06144	348
P06144	P07796	160
P06144	P15869	142
P06144	A0A2Z5U3Q6	109
P06144	P19375	108
P06144	P35060	108
P06144	P40265	106
P06144	Q99284	80.1
P06144	Q99282	79.0
P06144	P06894	80.5
P06144	P02257	81.6
P06144	P15870	72.4
P06144	Q9P8F8	67.8
P06144	Q9UV33	66.6
P06144	Q05831	62.4
P06144	Q18336	62.0
P06144	Q3HNG7	62.8
P06144	Q86QI0	59.7
P06144	Q86QH9	60.1
P06144	Q8IZA3	60.5
P06144	P15865	58.9
P06144	P16402	57.8
P06144	P10412	57.0
P06144	P16403	57.0
P06144	D4A3K5	56.2
P06144	Q92522	55.5
P06144	Q8VIK3	53.1
P06144	Q75C22	51.6
P06144	P40286	50.8
P06144	Q8J0U2	50.8
P06144	P06348	49.7
P06144	Q07133	47.8
P06144	P22492	47.0
P06144	P06349	45.4
P06144	P53551	45.8
P06144	P22975	34.3
P06144	Q6FJX6	33.1
P06144	Q8CJI4	29.6
P06144	Q75WM6	28.9
P06144	P48989	23.1
P06144	P02293	22.7
P06144	Q6FWM8	22.3
P06144	Q6CK60	21.6
P06144	Q74ZL5	21.6
P06144	P38340	19.6
P06144	Q24255	18.9
P06144	Q2XQ09	18.9
P06144	A0A9Q1BUN4	18.9
P07796	P07796	367
P07796	P15869	146
P07796	P06144	131
P07796	A0A2Z5U3Q6	106
P07796	P19375	105
P07796	P40265	99.8
P07796	P35060	96.3
P07796	Q99284	85.5
P07796	P06894	84.3
P07796	P02257	79.7
P07796	Q99282	70.1
P07796	P15870	68.2
P07796	Q18336	67.4
P07796	Q3HNG7	65.9
P07796	Q05831	64.3
P07796	Q86QI0	62.0
P07796	Q86QH9	61.6
P07796	Q8IZA3	59.3
P07796	Q9UV33	57.8
P07796	Q9P8F8	57.4
P07796	D4A3K5	54.7
P07796	Q75C22	53.9
P07796	Q8VIK3	53.1
P07796	P15865	52.4
P07796	P10412	50.8
P07796	P16402	50.8
P07796	P16403	50.4
P07796	Q8J0U2	49.7
P07796	P53551	47.8
P07796	Q07133	46.2
P07796	P40286	45.8
P07796	P06348	45.1
P07796	P22492	45.1
P07796	P06349	43.5
P07796	Q92522	42.7
P07796	P22975	39.7
P07796	Q6FJX6	32.7
P07796	P02293	26.2
P07796	Q6CK60	25.4
P07796	Q6FWM8	25.0
P07796	P48989	25.0
P07796	Q75WM6	25.0
P07796	Q74ZL5	24.3
P07796	Q8CJI4	23.9
P07796	P0CN98	21.2
P07796	P04735	21.2
P07796	A0A8B7Y813	20.8
P07796	Q24255	20.4
P07796	A0A8B7Y9T9	20.4
P07796	Q8CGP6	19.6
P07796	P04908	19.6
P07796	Q6FWM7	19.2
P07796	A0A7M7NK35	19.2
P07796	P04913	18.9
P15869	P15869	357
P15869	P07796	146
P15869	P06144	125
P15869	A0A2Z5U3Q6	105
P15869	P19375	104
P15869	P35060	97.8
P15869	P40265	90.5
P15869	Q99282	83.6
P15869	Q99284	70.1
P15869	P15870	67.4
P15869	P06894	65.9
P15869	P02257	65.9
P15869	D4A3K5	65.9
P15869	Q9UV33	63.9
P15869	Q3HNG7	64.3
P15869	Q8IZA3	64.3
P15869	Q18336	61.2
P15869	Q05831	60.1
P15869	Q8VIK3	60.8
P15869	Q9P8F8	57.4
P15869	Q86QH9	56.6
P15869	Q86QI0	55.1
P15869	Q8J0U2	53.5
P15869	Q75C22	53.1
P15869	P15865	53.1
P15869	P16402	52.8
P15869	P16403	52.0
P15869	P10412	51.2
P15869	P40286	49.3
P15869	Q07133	48.9
P15869	Q92522	48.9
P15869	P53551	48.9
P15869	P06348	47.4
P15869	P06349	47.4
P15869	P22492	47.0
P15869	P22975	35.4
P15869	Q6FJX6	34.7
P15869	Q8CJI4	31.6
P15869	Q75WM6	26.6
P15869	Q6CK60	24.6
P15869	P48989	21.9
P15869	P02293	21.6
P15869	Q6FWM8	21.2
P15869	Q74ZL5	20.8
P15870	P15870	328
P15870	A0A2Z5U3Q6	75.5
P15870	P19375	75.1
P15870	Q18336	75.1
P15870	P15869	74.3
P15870	Q9UV33	73.9
P15870	P06144	69.3
P15870	P07796	67.8
P15870	P40265	67.8
P15870	P35060	66.6
P15870	Q99284	63.2
P15870	Q75C22	66.2
P15870	P02257	62.0
P15870	Q8J0U2	62.4
P15870	P53551	59.7
P15870	Q9P8F8	54.7
P15870	P06894	50.8
P15870	Q3HNG7	46.2
P15870	Q07133	45.1
P15870	P22975	42.4
P15870	Q8VIK3	44.7
P15870	Q86QI0	43.1
P15870	Q05831	43.9
P15870	Q99282	41.2
P15870	P15865	43.1
P15870	P16403	42.7
P15870	P06348	42.0
P15870	Q8IZA3	42.4
P15870	D4A3K5	41.6
P15870	P16402	41.6
P15870	Q86QH9	41.2
P15870	Q92522	41.2
P15870	P10412	40.8
P15870	P06349	40.4
P15870	P40286	38.1
P15870	Q6FJX6	38.1
P15870	P22492	36.6
P15870	P04913	20.8
P15870	Q8CJI4	20.8
P15870	P48989	20.4
P15870	Q74ZL5	19.2
P15870	Q6CK60	18.9
P15870	P27204	18.5
P15870	Q75WM6	18.9
P15870	P06146	18.1
P15870	Q9ULR3	18.5
P15870	Q6FWM8	18.1
P15870	P02293	18.1
P15870	A0A9Q1BUN4	18.1
P19375	P19375	375
P19375	A0A2Z5U3Q6	190
P19375	P15869	103
P19375	P07796	103
P19375	P06144	102
P19375	P35060	94.4
P19375	P40265	94.7
P19375	P06894	79.7
P19375	Q9UV33	71.6
P19375	Q99284	68.6
P19375	P15870	70.1
P19375	Q99282	65.5
P19375	P02257	65.9
P19375	P16403	60.8
P19375	P15865	59.3
P19375	P10412	58.2
P19375	Q3HNG7	59.3
P19375	P16402	58.2
P19375	Q9P8F8	57.4
P19375	Q8J0U2	56.2
P19375	Q18336	56.2
P19375	Q8IZA3	56.2
P19375	D4A3K5	53.1
P19375	Q05831	52.0
P19375	Q75C22	51.2
P19375	Q86QI0	48.9
P19375	Q86QH9	50.4
P19375	Q92522	49.3
P19375	Q8VIK3	48.9
P19375	P22492	46.2
P19375	P53551	45.1
P19375	P40286	44.3
P19375	P06348	43.9
P19375	Q07133	43.9
P19375	P06349	43.1
P19375	P22975	37.4
P19375	Q6FJX6	35.8
P19375	Q8CJI4	27.3
P19375	Q75WM6	21.2
P19375	Q6FWM8	19.2
P19375	P0CN98	18.5
P19375	Q74ZL4	18.5
P19375	Q6CK60	18.5
P19375	P36008	18.5
Q99284	Q99284	178
Q99284	P02257	99.0
Q99284	P07796	84.7
Q99284	P06144	78.6
Q99284	P15869	72.4
Q99284	P06894	68.2
Q99284	P19375	68.2
Q99284	A0A2Z5U3Q6	66.6
Q99284	P35060	65.1
Q99284	P15870	64.3
Q99284	P40265	64.3
Q99284	Q18336	60.8
Q99284	Q86QI0	57.0
Q99284	Q05831	56.2
Q99284	Q86QH9	55.1
Q99284	Q99282	45.8
Q99284	P22975	44.3
Q99284	Q9UV33	45.8
Q99284	P53551	42.0
Q99284	Q9P8F8	40.0
Q99284	Q8VIK3	39.7
Q99284	P16403	39.3
Q99284	Q92522	38.9
Q99284	Q8J0U2	38.9
Q99284	Q3HNG7	38.1
Q99284	Q8IZA3	37.7
Q99284	D4A3K5	37.7
Q99284	P16402	36.6
Q99284	P10412	36.2
Q99284	P15865	36.2
Q99284	P22492	33.9
Q99284	Q6FJX6	33.5
Q99284	P06348	32.3
Q99284	P40286	31.6
Q99284	Q07133	31.6
Q99284	Q75C22	31.2
Q99284	P06349	30.8
Q99284	P06146	25.4
Q99284	Q8CJI4	23.1
Q99284	Q75WM6	22.7
Q99284	P16887	21.2
Q99284	P19376	19.2
Q99284	A0A2G8JXS7	20.0
Q99284	P35068	16.5
A0A2G8JXS7	A0A2G8JXS7	617
A0A2G8JXS7	A0A9Q1BUN4	363
A0A2G8JXS7	A0A7M7NK35	238
A0A2G8JXS7	A0A8B7Y9T9	219
A0A2G8JXS7	A0A8B7Y813	195
A0A2G8JXS7	P38340	20.8
A0A2G8JXS7	P53729	20.8
A0A2G8JXS7	Q99284	20.0
A0A2G8JXS7	P02257	20.0
A0A2G8JXS7	P35060	19.2
A0A2Z5U3Q6	A0A2Z5U3Q6	367
A0A2Z5U3Q6	P19375	208
A0A2Z5U3Q6	P15869	106
A0A2Z5U3Q6	P07796	106
A0A2Z5U3Q6	P06144	105
A0A2Z5U3Q6	P40265	97.1
A0A2Z5U3Q6	P35060	94.4
A0A2Z5U3Q6	P06894	79.0
A0A2Z5U3Q6	Q9UV33	73.9
A0A2Z5U3Q6	P15870	71.6
A0A2Z5U3Q6	Q99282	67.4
A0A2Z5U3Q6	Q99284	67.4
A0A2Z5U3Q6	P02257	65.1
A0A2Z5U3Q6	P16403	64.3
A0A2Z5U3Q6	P15865	62.4
A0A2Z5U3Q6	P10412	61.6
A0A2Z5U3Q6	P16402	61.6
A0A2Z5U3Q6	Q9P8F8	59.3
A0A2Z5U3Q6	Q3HNG7	58.9
A0A2Z5U3Q6	Q18336	57.0
A0A2Z5U3Q6	Q8J0U2	57.0
A0A2Z5U3Q6	Q8IZA3	56.6
A0A2Z5U3Q6	D4A3K5	55.5
A0A2Z5U3Q6	Q75C22	51.6
A0A2Z5U3Q6	Q92522	50.8
A0A2Z5U3Q6	Q05831	50.4
A0A2Z5U3Q6	Q8VIK3	49.7
A0A2Z5U3Q6	Q86QH9	48.5
A0A2Z5U3Q6	P22492	48.1
A0A2Z5U3Q6	Q86QI0	46.6
A0A2Z5U3Q6	P40286	46.6
A0A2Z5U3Q6	Q07133	45.8
A0A2Z5U3Q6	P06348	45.8
A0A2Z5U3Q6	P53551	45.4
A0A2Z5U3Q6	P06349	44.7
A0A2Z5U3Q6	P22975	36.6
A0A2Z5U3Q6	Q6FJX6	36.6
A0A2Z5U3Q6	Q8CJI4	26.2
A0A2Z5U3Q6	O13881	21.2
A0A2Z5U3Q6	Q75WM6	18.5
A0A7M7NK35	A0A7M7NK35	608
A0A7M7NK35	A0A9Q1BUN4	254
A0A7M7NK35	A0A8B7Y9T9	254
A0A7M7NK35	A0A2G8JXS7	241
A0A7M7NK35	A0A8B7Y813	224
A0A7M7NK35	Q18336	25.8
A0A7M7NK35	P02257	20.8
A0A7M7NK35	Q8N1T3	20.4
A0A7M7NK35	P53250	19.6
A0A7M7NK35	Q86SE1	18.5
A0A8B7Y813	A0A8B7Y813	635
A0A8B7Y813	A0A8B7Y9T9	627
A0A8B7Y813	A0A7M7NK35	216
A0A8B7Y813	A0A9Q1BUN4	206
A0A8B7Y813	A0A2G8JXS7	195
A0A8B7Y813	P02257	25.4
A0A8B7Y813	P07796	22.3
A0A8B7Y813	Q8N1T3	21.9
A0A8B7Y813	P22975	18.9
A0A8B7Y813	P15869	19.2
A0A8B7Y813	Q86SE1	18.9
A0A8B7Y9T9	A0A8B7Y9T9	702
A0A8B7Y9T9	A0A8B7Y813	627
A0A8B7Y9T9	A0A7M7NK35	246
A0A8B7Y9T9	A0A9Q1BUN4	234
A0A8B7Y9T9	A0A2G8JXS7	219
A0A8B7Y9T9	P02257	25.4
A0A8B7Y9T9	P07796	22.3
A0A8B7Y9T9	Q8N1T3	21.9
A0A8B7Y9T9	P22975	18.9
A0A8B7Y9T9	P15869	19.2
A0A9Q1BUN4	A0A9Q1BUN4	654
A0A9Q1BUN4	A0A2G8JXS7	363
A0A9Q1BUN4	A0A7M7NK35	249
A0A9Q1BUN4	A0A8B7Y9T9	234
A0A9Q1BUN4	A0A8B7Y813	206
A0A9Q1BUN4	P02257	22.7
A0A9Q1BUN4	Q92522	20.4
A0A9Q1BUN4	Q75WM6	20.0
A0A9Q1BUN4	P06144	19.2
P19376	P19376	55.1
P19376	Q99284	35.8
P19376	Q93079	18.5
P19376	Q64478	18.1
P19376	P02257	17.7
Q99282	Q99282	117
Q99282	P15869	79.7
Q99282	P06144	75.1
Q99282	P07796	67.4
Q99282	A0A2Z5U3Q6	65.9
Q99282	P19375	64.3
Q99282	P40265	54.7
Q99282	P35060	54.3
Q99282	P10412	48.9
Q99282	P16402	48.5
Q99282	P15865	48.1
Q99282	P16403	47.8
Q99282	Q99284	45.8
Q99282	D4A3K5	45.8
Q99282	P06349	45.4
Q99282	Q07133	45.1
Q99282	P22492	43.9
Q99282	P40286	42.7
Q99282	Q92522	42.7
Q99282	P02257	41.2
Q99282	P15870	40.8
Q99282	P06348	40.4
Q99282	Q9UV33	37.0
Q99282	Q18336	36.2
Q99282	P06894	35.0
Q99282	Q9P8F8	33.9
Q99282	Q8VIK3	33.9
Q99282	Q86QI0	33.1
Q99282	Q75C22	33.5
Q99282	Q86QH9	32.7
Q99282	P53551	32.3
Q99282	Q05831	32.0
Q99282	Q8J0U2	30.8
Q99282	Q3HNG7	30.0
Q99282	Q8IZA3	28.5
Q99282	Q8CJI4	26.9
Q99282	Q6FJX6	21.9
Q99282	P22975	19.2
Q99282	Q93079	19.2
Q99282	Q64478	19.2
Q99282	P27204	18.5
O13777	O13777	449
O13777	O13881	21.6
O13777	Q8J0U2	20.0
O13777	Q8N1T3	20.0
O13777	Q6FWM7	18.9
O13777	P04911	18.5
O13777	Q18336	18.9
O13777	P04735	18.1
O13881	O13881	1124
O13881	Q8N1T3	22.3
O13881	O13777	21.6
P02293	P02293	259
P02293	Q6FWM8	243
P02293	Q6CK60	243
P02293	Q74ZL5	239
P02293	P48989	234
P02293	P04913	202
P02293	Q93079	181
P02293	Q64478	180
P02293	P35068	169
P02293	P02287	168
P02293	P07794	166
P02293	P16888	157
P02293	P06145	155
P02293	P06146	154
P02293	P02290	154
P02293	Q27749	153
P02293	P16887	151
P02293	P0CN98	26.6
P02293	Q6FWM7	25.8
P02293	Q74ZL4	24.6
P02293	P04911	24.6
P02293	P04909	24.6
P02293	P04735	23.9
P02293	P04908	22.3
P02293	Q8CGP6	22.3
P02293	P53551	20.0
P02293	P16402	19.6
P02293	A0A2Z5U3Q6	19.2
P02293	Q6FJX6	18.1
P02293	P15865	17.7
P02293	P19375	17.7
P04909	P04909	261
P04909	Q74ZL4	213
P04909	P04911	202
P04909	Q8CGP6	196
P04909	P04908	196
P04909	Q6FWM7	193
P04909	P04735	187
P04909	P0CN98	185
P04909	Q74ZL5	25.0
P04909	Q6FWM8	24.6
P04909	P02287	24.6
P04909	P02293	24.6
P04909	P04913	24.6
P04909	P48989	24.3
P04909	Q6CK60	24.3
P04909	Q93079	24.3
P04909	Q64478	24.3
P04909	P16888	23.9
P04909	P07794	23.9
P04909	P35068	23.5
P04909	P02290	22.7
P04909	P06145	21.6
P04909	P16887	21.6
P04909	Q27749	20.8
P04909	Q9P8F8	18.9
P04909	Q8VIK3	17.7
P04911	P04911	262
P04911	Q74ZL4	252
P04911	Q6FWM7	249
P04911	P04909	216
P04911	P04908	192
P04911	Q8CGP6	192
P04911	P04735	191
P04911	P0CN98	186
P04911	Q74ZL5	26.2
P04911	Q6FWM8	25.0
P04911	P04913	25.0
P04911	P02293	24.6
P04911	P48989	24.6
P04911	Q6CK60	24.6
P04911	P02287	24.3
P04911	Q93079	23.9
P04911	Q64478	23.9
P04911	P35068	23.5
P04911	P07794	23.5
P04911	P02290	22.7
P04911	P06146	21.9
P04911	P06145	21.9
P04911	P16887	21.6
P04911	Q27749	21.2
P04911	Q0V7M1	20.4
P04911	O13777	18.9
P04911	Q9P8F8	18.9
P04911	Q91YA2	18.5
P04911	Q9ULR3	17.7
P04913	P04913	255
P04913	P02293	202
P04913	Q6FWM8	200
P04913	Q74ZL5	196
P04913	Q6CK60	196
P04913	P48989	194
P04913	Q64478	172
P04913	Q93079	172
P04913	P35068	170
P04913	P02287	167
P04913	P07794	166
P04913	P16888	155
P04913	P06145	153
P04913	P02290	153
P04913	P06146	152
P04913	Q27749	152
P04913	P16887	150
P04913	P0CN98	27.3
P04913	Q6FWM7	25.8
P04913	P04911	24.6
P04913	Q74ZL4	24.6
P04913	P04909	24.6
P04913	P04735	23.9
P04913	P04908	22.3
P04913	Q8CGP6	22.3
P04913	P53551	20.0
P04913	P06348	18.9
P04913	A0A0P0E482	18.1
P04913	Q6FJX6	18.1
P34225	P34225	1419
P36008	P36008	843
P36008	Q9P8F8	22.3
P36008	P02293	21.6
P36008	P08515	21.6
P36008	P53322	21.2
P36008	D4A3K5	20.4
P36008	P48989	19.6
P36008	P16403	19.6
P36008	P35060	19.6
P36008	Q8VIK3	19.6
P36008	Q6CK60	19.2
P38340	P38340	483
P38340	A0A2G8JXS7	20.8
P38340	C0JAT9	19.6
P38340	Q8N1T3	19.6
P38340	P06144	18.5
P53250	P53250	676
P53250	Q86QI0	23.5
P53250	Q05831	21.6
P53250	P53729	21.6
P53250	P53551	20.8
P53250	Q86QH9	20.8
P53250	A0A0P0E482	20.4
P53250	Q8N1T3	20.0
P53250	P34225	20.0
P53250	Q24255	19.6
P53250	A0A7M7NK35	19.2
P53322	P53322	1106
P53322	P36008	20.8
P53322	Q24255	20.0
P53322	P92507	19.6
P53322	Q9ULR3	20.0
P53322	A0A0P0E482	19.6
P53551	P53551	491
P53551	Q6FJX6	158
P53551	Q9UV33	87.4
P53551	Q75C22	86.3
P53551	Q9P8F8	77.0
P53551	Q8J0U2	77.4
P53551	P15870	50.8
P53551	P15869	50.8
P53551	P07796	49.3
P53551	P06144	47.0
P53551	Q18336	46.6
P53551	Q8VIK3	45.8
P53551	A0A2Z5U3Q6	44.7
P53551	P19375	44.3
P53551	Q99284	41.6
P53551	P22975	39.3
P53551	P35060	40.0
P53551	Q05831	40.0
P53551	Q86QH9	36.6
P53551	Q86QI0	35.0
P53551	P06894	35.0
P53551	Q8IZA3	35.8
P53551	P40265	34.7
P53551	Q3HNG7	35.0
P53551	Q99282	32.0
P53551	Q92522	29.3
P53551	P02257	28.9
P53551	P06348	26.9
P53551	P10412	25.0
P53551	P06349	24.6
P53551	P15865	24.6
P53551	Q07133	24.3
P53551	P16403	24.3
P53551	P16402	23.9
P53551	Q6FWM8	23.5
P53551	P22492	23.5
P53551	D4A3K5	23.5
P53551	P40286	22.7
P53551	P02293	21.9
P53551	Q74ZL5	21.6
P53551	P53250	21.2
P53551	Q6CK60	20.8
P53551	P48989	20.8
P53551	P04913	20.8
P53551	Q93079	20.0
P53551	Q64478	19.2
P53551	P06146	18.9
P53551	P02290	18.9
P53551	Q27749	18.9
P53551	A0A0P0E482	18.9
P53551	P16888	18.5
P53729	P53729	879
P53729	P53250	21.6
P53729	Q8N1T3	20.4
P53729	P53322	20.4
P53729	Q86SE1	19.2
P53729	A0A2G8JXS7	20.0
P0CN98	P0CN98	259
P0CN98	Q74ZL4	201
P0CN98	P04735	198
P0CN98	P04909	194
P0CN98	Q8CGP6	193
P0CN98	P04908	193
P0CN98	P04911	191
P0CN98	Q6FWM7	187
P0CN98	Q6CK60	30.4
P0CN98	Q74ZL5	28.1
P0CN98	P48989	27.3
P0CN98	P04913	27.3
P0CN98	P02293	26.9
P0CN98	Q6FWM8	26.6
P0CN98	P02287	26.2
P0CN98	P35068	26.2
P0CN98	Q93079	26.2
P0CN98	Q64478	25.8
P0CN98	P07794	25.8
P0CN98	P02290	24.6
P0CN98	P06146	23.1
P0CN98	Q18336	19.2
P0CN98	Q24255	19.6
P0CN98	Q9P8F8	19.2
P0CN98	Q07133	18.1
P0CN98	P06349	17.7
P0CN98	D4A3K5	17.7
P48989	P48989	257
P48989	P02293	234
P48989	Q6CK60	231
P48989	Q6FWM8	229
P48989	Q74ZL5	229
P48989	P04913	194
P48989	Q64478	177
P48989	Q93079	177
P48989	P35068	174
P48989	P02287	171
P48989	P07794	168
P48989	P16888	158
P48989	P06145	155
P48989	P02290	155
P48989	Q27749	155
P48989	P06146	155
P48989	P16887	152
P48989	P0CN98	26.6
P48989	Q6FWM7	25.8
P48989	Q74ZL4	24.6
P48989	P04911	24.6
P48989	P04909	24.3
P48989	P04735	23.9
P48989	P04908	22.3
P48989	Q8CGP6	22.3
P48989	Q6FJX6	19.6
P48989	P53551	19.2
P48989	Q8IZA3	18.9
P48989	P10412	18.9
P48989	P06349	18.1
P48989	P16402	17.7
Q6CK60	Q6CK60	259
Q6CK60	Q74ZL5	249
Q6CK60	P02293	243
Q6CK60	Q6FWM8	231
Q6CK60	P48989	231
Q6CK60	P04913	196
Q6CK60	Q64478	174
Q6CK60	Q93079	174
Q6CK60	P35068	168
Q6CK60	P07794	167
Q6CK60	P02287	164
Q6CK60	P16888	155
Q6CK60	P06145	154
Q6CK60	P06146	153
Q6CK60	P02290	153
Q6CK60	Q27749	152
Q6CK60	P16887	150
Q6CK60	P0CN98	26.6
Q6CK60	Q6FWM7	25.4
Q6CK60	Q74ZL4	24.6
Q6CK60	P04911	24.3
Q6CK60	P04909	24.3
Q6CK60	P04735	23.9
Q6CK60	P04908	22.3
Q6CK60	Q8CGP6	21.9
Q6CK60	P53551	20.0
Q6CK60	P16402	20.0
Q6CK60	Q0V7M1	20.0
Q6CK60	P36008	18.9
Q6CK60	Q6FJX6	18.1
Q6CK60	A0A2Z5U3Q6	17.7
Q6FWM7	Q6FWM7	260
Q6FWM7	P04911	249
Q6FWM7	Q74ZL4	239
Q6FWM7	P04909	207
Q6FWM7	Q8CGP6	191
Q6FWM7	P04908	191
Q6FWM7	P04735	190
Q6FWM7	P0CN98	183
Q6FWM7	Q74ZL5	27.3
Q6FWM7	Q6FWM8	26.2
Q6FWM7	P02293	26.2
Q6FWM7	P04913	26.2
Q6FWM7	P48989	25.8
Q6FWM7	Q6CK60	25.8
Q6FWM7	P02287	25.4
Q6FWM7	P07794	25.4
Q6FWM7	Q93079	25.0
Q6FWM7	P35068	25.0
Q6FWM7	Q64478	25.0
Q6FWM7	P02290	24.3
Q6FWM7	P06145	23.1
Q6FWM7	P16887	22.7
Q6FWM7	P06146	21.9
Q6FWM7	Q27749	21.6
Q6FWM7	O13777	18.9
Q6FWM7	Q9P8F8	18.9
Q6FWM7	Q0V7M1	18.9
Q6FWM7	Q91YA2	18.5
Q6FWM7	P35060	17.7
Q6FWM8	Q6FWM8	256
Q6FWM8	P02293	243
Q6FWM8	Q74ZL5	233
Q6FWM8	Q6CK60	231
Q6FWM8	P48989	229
Q6FWM8	P04913	200
Q6FWM8	Q93079	180
Q6FWM8	Q64478	180
Q6FWM8	P35068	169
Q6FWM8	P07794	169
Q6FWM8	P02287	167
Q6FWM8	P16888	157
Q6FWM8	P06145	155
Q6FWM8	P06146	154
Q6FWM8	Q27749	154
Q6FWM8	P02290	154
Q6FWM8	P16887	151
Q6FWM8	P0CN98	26.6
Q6FWM8	Q6FWM7	26.2
Q6FWM8	P04911	25.0
Q6FWM8	Q74ZL4	25.0
Q6FWM8	P04909	24.6
Q6FWM8	P04735	24.3
Q6FWM8	P04908	22.7
Q6FWM8	Q8CGP6	22.7
Q6FWM8	P53551	21.2
Q6FWM8	Q86SE1	18.5
Q6FWM8	P15865	18.9
Q6FWM8	Q6FJX6	18.5
Q6FWM8	P10412	17.7
Q6FWM8	Q0V7M1	17.7
Q6FWM8	Q91YA2	17.7
Q74ZL4	Q74ZL4	261
Q74ZL4	P04911	252
Q74ZL4	Q6FWM7	217
Q74ZL4	P04909	213
Q74ZL4	Q8CGP6	200
Q74ZL4	P04908	199
Q74ZL4	P04735	195
Q74ZL4	P0CN98	187
Q74ZL4	Q74ZL5	25.8
Q74ZL4	Q6FWM8	25.0
Q74ZL4	P02293	24.6
Q74ZL4	P04913	24.6
Q74ZL4	P48989	24.6
Q74ZL4	Q6CK60	24.6
Q74ZL4	P35068	24.3
Q74ZL4	P02287	24.3
Q74ZL4	Q93079	23.9
Q74ZL4	Q64478	23.9
Q74ZL4	P07794	23.5
Q74ZL4	P02290	22.7
Q74ZL4	P06146	21.9
Q74ZL4	P06145	21.9
Q74ZL4	P16887	21.6
Q74ZL4	Q27749	21.2
Q74ZL4	Q9P8F8	18.5
Q74ZL4	Q0V7M1	18.1
Q74ZL4	Q9ULR3	17.7
Q74ZL4	Q07133	17.3
Q74ZL5	Q74ZL5	259
Q74ZL5	Q6CK60	249
Q74ZL5	P02293	239
Q74ZL5	Q6FWM8	233
Q74ZL5	P48989	229
Q74ZL5	P04913	196
Q74ZL5	Q93079	176
Q74ZL5	Q64478	176
Q74ZL5	P35068	170
Q74ZL5	P07794	170
Q74ZL5	P02287	166
Q74ZL5	P16888	157
Q74ZL5	P06145	156
Q74ZL5	P06146	155
Q74ZL5	Q27749	155
Q74ZL5	P02290	155
Q74ZL5	P16887	152
Q74ZL5	P0CN98	26.9
Q74ZL5	Q6FWM7	26.6
Q74ZL5	Q74ZL4	25.8
Q74ZL5	P04911	25.4
Q74ZL5	P04909	25.0
Q74ZL5	P04735	24.6
Q74ZL5	P04908	23.1
Q74ZL5	Q8CGP6	23.1
Q74ZL5	P16402	20.0
Q74ZL5	P53551	20.0
Q74ZL5	A0A2Z5U3Q6	19.6
Q74ZL5	Q6FJX6	19.2
Q74ZL5	D4A3K5	19.2
Q74ZL5	P19375	18.1
Q74ZL5	Q0V7M1	17.7
Q74ZL5	Q91YA2	17.7
Q6FJX6	Q6FJX6	444
Q6FJX6	P53551	166
Q6FJX6	Q75C22	76.6
Q6FJX6	Q9UV33	63.9
Q6FJX6	Q8J0U2	62.8
Q6FJX6	Q9P8F8	55.8
Q6FJX6	Q18336	42.0
Q6FJX6	Q8VIK3	42.4
Q6FJX6	A0A2Z5U3Q6	41.6
Q6FJX6	Q8IZA3	40.8
Q6FJX6	P19375	40.0
Q6FJX6	P15869	37.7
Q6FJX6	Q99284	35.8
Q6FJX6	P15870	36.6
Q6FJX6	P22975	34.7
Q6FJX6	P07796	35.4
Q6FJX6	P06144	34.7
Q6FJX6	P40265	34.7
Q6FJX6	P06894	33.5
Q6FJX6	Q05831	33.5
Q6FJX6	Q3HNG7	32.7
Q6FJX6	P35060	32.0
Q6FJX6	Q86QH9	29.6
Q6FJX6	Q86QI0	28.5
Q6FJX6	P02257	28.5
Q6FJX6	Q99282	21.6
Q6FJX6	Q6CK60	20.8
Q6FJX6	Q6FWM8	20.0
Q6FJX6	A0A7M7NK35	20.0
Q6FJX6	Q92522	20.0
Q6FJX6	P02293	19.6
Q6FJX6	Q2XQ09	20.0
Q6FJX6	A0A8B7Y813	19.6
Q6FJX6	A0A8B7Y9T9	19.6
Q6FJX6	Q74ZL5	19.2
Q6FJX6	P07794	18.9
Q6FJX6	P48989	18.9
Q6FJX6	C0JAT9	18.9
Q6FJX6	P40286	18.5
Q6FJX6	P06348	18.5
Q6FJX6	P22492	18.5
Q75C22	Q75C22	400
Q75C22	Q9UV33	92.8
Q75C22	P53551	85.1
Q75C22	Q9P8F8	76.3
Q75C22	Q6FJX6	74.7
Q75C22	Q8J0U2	73.2
Q75C22	P15870	56.6
Q75C22	P07796	50.4
Q75C22	P15869	50.1
Q75C22	P19375	49.3
Q75C22	A0A2Z5U3Q6	48.5
Q75C22	P40265	47.0
Q75C22	P06144	46.6
Q75C22	Q18336	42.7
Q75C22	Q05831	41.6
Q75C22	Q86QH9	37.4
Q75C22	P22975	35.0
Q75C22	Q86QI0	34.7
Q75C22	Q8VIK3	35.8
Q75C22	Q99282	33.1
Q75C22	P35060	34.7
Q75C22	Q8IZA3	33.9
Q75C22	Q3HNG7	32.7
Q75C22	P06894	31.2
Q75C22	D4A3K5	31.6
Q75C22	Q99284	30.0
Q75C22	Q07133	31.2
Q75C22	P06348	30.4
Q75C22	P06349	30.0
Q75C22	P15865	28.9
Q75C22	P02257	28.1
Q75C22	P16403	28.1
Q75C22	P16402	28.1
Q75C22	Q92522	27.7
Q75C22	P10412	26.9
Q75C22	P40286	25.4
Q75C22	P22492	23.9
Q75C22	Q0V7M1	20.4
Q75C22	P27204	18.5
Q8J0U2	Q8J0U2	421
Q8J0U2	Q9P8F8	116
Q8J0U2	Q9UV33	86.3
Q8J0U2	Q75C22	82.0
Q8J0U2	P53551	81.3
Q8J0U2	Q6FJX6	63.5
Q8J0U2	P15869	55.8
Q8J0U2	Q05831	53.9
Q8J0U2	P19375	53.1
Q8J0U2	A0A2Z5U3Q6	52.8
Q8J0U2	P15870	51.6
Q8J0U2	P07796	51.2
Q8J0U2	Q18336	49.7
Q8J0U2	Q86QH9	49.3
Q8J0U2	P06144	48.9
Q8J0U2	Q8VIK3	47.0
Q8J0U2	Q86QI0	44.3
Q8J0U2	P40265	45.1
Q8J0U2	Q3HNG7	44.3
Q8J0U2	Q8IZA3	41.6
Q8J0U2	P35060	40.4
Q8J0U2	Q99284	38.5
Q8J0U2	P22975	37.4
Q8J0U2	P02257	38.5
Q8J0U2	Q99282	33.9
Q8J0U2	P06894	34.7
Q8J0U2	P40286	32.7
Q8J0U2	Q07133	32.0
Q8J0U2	P06348	30.8
Q8J0U2	P22492	30.4
Q8J0U2	P06349	28.9
Q8J0U2	P15865	27.7
Q8J0U2	P16403	27.3
Q8J0U2	P16402	27.3
Q8J0U2	D4A3K5	26.2
Q8J0U2	P10412	25.8
Q8J0U2	Q8CJI4	21.6
Q8J0U2	Q92522	21.2
Q8J0U2	O13777	18.9
Q8J0U2	A0A8B7Y9T9	18.5
Q9P8F8	Q9P8F8	374
Q9P8F8	Q8J0U2	101
Q9P8F8	Q9UV33	92.4
Q9P8F8	P53551	85.5
Q9P8F8	Q75C22	81.6
Q9P8F8	A0A2Z5U3Q6	58.2
Q9P8F8	P15869	57.4
Q9P8F8	P19375	57.4
Q9P8F8	Q6FJX6	55.5
Q9P8F8	P06144	55.5
Q9P8F8	P07796	52.0
Q9P8F8	P35060	49.7
Q9P8F8	Q05831	49.3
Q9P8F8	P40265	48.9
Q9P8F8	P15870	47.8
Q9P8F8	Q86QH9	45.4
Q9P8F8	Q86QI0	42.7
Q9P8F8	P22975	41.2
Q9P8F8	Q18336	42.0
Q9P8F8	Q99284	39.7
Q9P8F8	P06894	40.0
Q9P8F8	Q8IZA3	41.2
Q9P8F8	Q99282	37.4
Q9P8F8	Q3HNG7	36.6
Q9P8F8	P02257	34.7
Q9P8F8	Q8VIK3	34.3
Q9P8F8	P22492	33.9
Q9P8F8	P40286	32.7
Q9P8F8	P15865	31.6
Q9P8F8	Q92522	31.2
Q9P8F8	P10412	29.6
Q9P8F8	P06348	29.3
Q9P8F8	P16403	29.3
Q9P8F8	P16402	28.1
Q9P8F8	P06349	27.7
Q9P8F8	Q07133	27.7
Q9P8F8	D4A3K5	26.9
Q9P8F8	P36008	24.3
Q9P8F8	P04735	21.6
Q9P8F8	Q8CGP6	20.8
Q9P8F8	P04908	20.4
Q9P8F8	P0CN98	20.0
Q9P8F8	P04909	20.0
Q9P8F8	P04911	18.9
Q9P8F8	Q6FWM7	18.9
Q9P8F8	Q74ZL4	18.5
Q9P8F8	Q8CJI4	18.5
Q9P8F8	P27204	18.1
Q9P8F8	P34225	18.5
Q9UV33	Q9UV33	376
Q9UV33	Q9P8F8	102
Q9UV33	Q75C22	100
Q9UV33	P53551	92.8
Q9UV33	Q8J0U2	87.0
Q9UV33	A0A2Z5U3Q6	79.3
Q9UV33	P19375	78.6
Q9UV33	P15870	74.7
Q9UV33	P15869	75.1
Q9UV33	Q6FJX6	69.7
Q9UV33	P06144	65.1
Q9UV33	P07796	61.6
Q9UV33	P40265	61.2
Q9UV33	P35060	57.4
Q9UV33	Q18336	52.0
Q9UV33	Q8VIK3	49.3
Q9UV33	Q05831	48.1
Q9UV33	Q99284	44.3
Q9UV33	Q3HNG7	45.8
Q9UV33	Q8IZA3	45.8
Q9UV33	Q99282	42.0
Q9UV33	Q86QH9	42.0
Q9UV33	P06894	40.4
Q9UV33	P02257	38.9
Q9UV33	D4A3K5	38.9
Q9UV33	P16403	38.1
Q9UV33	Q86QI0	37.0
Q9UV33	P22975	35.0
Q9UV33	P16402	35.8
Q9UV33	P10412	35.4
Q9UV33	P15865	35.0
Q9UV33	Q07133	34.3
Q9UV33	P06349	33.9
Q9UV33	P40286	31.6
Q9UV33	Q92522	29.3
Q9UV33	P06348	28.9
Q9UV33	P22492	28.5
Q9UV33	P04913	20.0
Q9UV33	D2Y2C6	19.6
Q9UV33	A0A0P0E482	18.9
Q9UV33	Q24255	18.9
D2Y1X6	D2Y1X6	166
D2Y1X6	D2Y2C6	21.9
D2Y1X6	Q8CJI4	16.9
G5EDE1	G5EDE1	706
G5EDE1	A0A9Q1BUN4	20.4
G5EDE1	P53322	19.6
P92507	P92507	317
P92507	P02257	19.6
P92507	P53322	19.6
Q18336	Q18336	473
Q18336	P15870	69.3
Q18336	P02257	63.9
Q18336	P07796	64.3
Q18336	Q99284	60.8
Q18336	P15869	59.3
Q18336	P06144	57.8
Q18336	A0A2Z5U3Q6	54.3
Q18336	P19375	53.9
Q18336	P40265	54.3
Q18336	P06894	52.0
Q18336	P35060	52.8
Q18336	Q9UV33	48.9
Q18336	Q8J0U2	47.0
Q18336	P53551	46.2
Q18336	Q05831	45.1
Q18336	Q86QI0	42.0
Q18336	Q75C22	42.4
Q18336	Q86QH9	41.6
Q18336	Q3HNG7	41.2
Q18336	Q6FJX6	40.8
Q18336	Q9P8F8	40.0
Q18336	D4A3K5	39.3
Q18336	Q99282	36.2
Q18336	Q8IZA3	38.9
Q18336	P22492	37.7
Q18336	P40286	37.4
Q18336	Q07133	36.6
Q18336	P06349	36.6
Q18336	P16403	35.0
Q18336	P15865	35.0
Q18336	P16402	35.0
Q18336	P06348	35.0
Q18336	P10412	34.7
Q18336	Q8VIK3	34.7
Q18336	P22975	28.1
Q18336	Q92522	26.6
Q18336	A0A7M7NK35	22.3
Q18336	Q9ULR3	21.6
Q18336	Q91YA2	20.0
Q18336	O13777	18.9
Q18336	P0CN98	18.5
Q24255	Q24255	1095
Q24255	P02257	21.2
Q2XQ09	Q2XQ09	635
Q2XQ09	C0JAT9	277
Q2XQ09	Q8VIK3	20.8
Q2XQ09	Q6FJX6	19.6
Q2XQ09	P06144	19.6
A0A0P0E482	A0A0P0E482	310
A0A0P0E482	P53250	20.4
A0A0P0E482	P53322	19.6
A0A0P0E482	A0A9Q1BUN4	18.9
A0A0P0E482	P53551	18.5
A0A0P0E482	P04913	18.1
A0A0P0E482	P22975	17.7
A0A0P0E482	P07796	18.1
A0A0P0E482	Q9UV33	18.1
A0A0P0E482	P06144	18.1
A0A0P0E482	P34225	18.1
A0A0P0E482	P16888	17.7
A0A0P0E482	Q9P8F8	17.7
C0HJQ7	C0HJQ7	78.6
C0JAT9	C0JAT9	564
C0JAT9	Q2XQ09	277
C0JAT9	Q9ULR3	23.1
C0JAT9	P38340	19.6
C0JAT9	Q6FJX6	19.2
P08515	P08515	449
P08515	P36008	21.9
P08515	P53322	20.0
P35068	P35068	248
P35068	Q64478	192
P35068	Q93079	192
P35068	P07794	187
P35068	P02287	186
P35068	P16888	177
P35068	P48989	176
P35068	P04913	174
P35068	P16887	174
P35068	Q74ZL5	172
P35068	P02293	171
P35068	P06146	171
P35068	Q6FWM8	171
P35068	Q6CK60	170
P35068	P06145	170
P35068	P02290	170
P35068	Q27749	169
P35068	P0CN98	26.2
P35068	P04735	25.0
P35068	Q74ZL4	24.6
P35068	Q6FWM7	24.3
P35068	P04909	23.5
P35068	P04911	23.1
P35068	P04908	22.3
P35068	Q8CGP6	22.3
P35068	Q3HNG7	18.1
P35068	Q91YA2	18.1
P35068	Q0V7M1	17.7
P35068	A0A0P0E482	17.3
Q05831	Q05831	353
Q05831	Q86QH9	275
Q05831	Q86QI0	216
Q05831	Q3HNG7	68.6
Q05831	P07796	63.9
Q05831	Q8IZA3	63.9
Q05831	P15869	60.5
Q05831	Q99284	57.0
Q05831	Q8VIK3	60.1
Q05831	P06144	57.0
Q05831	P19375	52.4
Q05831	Q9P8F8	51.2
Q05831	P22975	48.9
Q05831	Q8J0U2	50.8
Q05831	A0A2Z5U3Q6	50.1
Q05831	P02257	47.8
Q05831	Q18336	47.0
Q05831	P06894	43.1
Q05831	Q75C22	43.9
Q05831	P35060	42.7
Q05831	Q9UV33	41.6
Q05831	P53551	40.0
Q05831	P40265	39.3
Q05831	P15870	38.5
Q05831	Q99282	34.7
Q05831	Q8CJI4	29.6
Q05831	Q6FJX6	28.9
Q05831	D4A3K5	28.5
Q05831	P22492	28.1
Q05831	P15865	28.1
Q05831	Q07133	27.7
Q05831	P06349	27.3
Q05831	P40286	25.8
Q05831	P06348	25.8
Q05831	P16403	24.3
Q05831	P10412	23.1
Q05831	P16402	22.7
Q05831	P53250	22.7
Q05831	Q75WM6	20.4
Q05831	P36008	20.4
Q05831	P27204	18.1
Q05831	Q92522	18.5
D2Y2C6	D2Y2C6	203
D2Y2C6	D2Y1X6	21.9
D2Y2C6	Q9ULR3	20.0
D2Y2C6	Q07133	18.5
D2Y2C6	Q9UV33	18.1
D2Y2C6	Q8CJI4	17.7
D2Y2C6	A0A7M7NK35	17.3
D2Y2C6	P53322	17.3
D2Y2C6	Q75WM6	17.3
D2Y2C6	P53250	17.3
D2Y2Q6	D2Y2Q6	184
D2Y2Q6	D2Y2F4	127
D2Y2Q6	A0A8B7Y9T9	20.8
D2Y2Q6	A0A8B7Y813	17.7
D2Y2Q6	P36008	17.3
D2Y2Q6	P08515	16.9
P06894	P06894	224
P06894	P40265	91.7
P06894	P07796	86.7
P06894	P19375	84.7
P06894	P35060	82.4
P06894	A0A2Z5U3Q6	82.4
P06894	P06144	79.0
P06894	P02257	75.1
P06894	Q99284	68.9
P06894	P15869	70.1
P06894	Q18336	56.2
P06894	P15870	51.6
P06894	Q3HNG7	50.1
P06894	Q8IZA3	48.9
P06894	Q05831	45.8
P06894	Q86QI0	44.7
P06894	Q86QH9	44.7
P06894	P16403	44.3
P06894	P15865	44.3
P06894	P10412	44.3
P06894	Q8VIK3	43.9
P06894	P16402	43.1
P06894	Q9UV33	41.6
P06894	Q9P8F8	41.2
P06894	P22492	40.8
P06894	D4A3K5	38.5
P06894	Q99282	35.8
P06894	P40286	36.6
P06894	Q07133	36.2
P06894	Q8J0U2	35.4
P06894	P53551	35.4
P06894	P06348	34.7
P06894	Q92522	33.5
P06894	Q75C22	33.5
P06894	Q6FJX6	32.7
P06894	P06349	32.7
P06894	P22975	25.8
P06894	Q8CJI4	26.2
P06894	Q75WM6	23.9
P06894	P02287	19.2
P06894	Q74ZL5	18.5
P06894	P36008	18.1
P06894	Q6CK60	17.3
P22975	P22975	142
P22975	Q05831	51.6
P22975	Q86QH9	50.4
P22975	Q86QI0	47.8
P22975	Q99284	44.3
P22975	P15870	45.1
P22975	P07796	45.1
P22975	Q8J0U2	43.1
P22975	P02257	42.7
P22975	Q9UV33	42.0
P22975	Q9P8F8	42.0
P22975	P15869	41.6
P22975	A0A2Z5U3Q6	41.2
P22975	P19375	40.4
P22975	P06144	40.4
P22975	P53551	40.0
P22975	Q8VIK3	36.6
P22975	P27204	35.4
P22975	Q75C22	35.8
P22975	Q6FJX6	35.0
P22975	Q8IZA3	35.0
P22975	Q3HNG7	34.3
P22975	P35060	29.6
P22975	P06894	28.1
P22975	P40265	28.1
P22975	Q18336	28.1
P22975	Q99282	19.2
P22975	A0A8B7Y9T9	18.9
P22975	A0A8B7Y813	18.9
P22975	P08515	17.7
P22975	A0A0P0E482	17.7
P22975	Q75WM6	17.3
P35060	P35060	310
P35060	P15869	107
P35060	P06144	103
P35060	P19375	102
P35060	A0A2Z5U3Q6	101
P35060	P07796	99.8
P35060	P40265	99.8
P35060	P06894	84.7
P35060	P02257	69.3
P35060	Q99284	66.2
P35060	P15870	65.1
P35060	Q99282	59.7
P35060	Q8IZA3	63.9
P35060	Q3HNG7	63.2
P35060	D4A3K5	61.6
P35060	P22492	61.2
P35060	P15865	61.2
P35060	P16403	60.5
P35060	P16402	60.5
P35060	P10412	60.1
P35060	Q18336	58.2
P35060	P40286	57.4
P35060	Q9UV33	57.0
P35060	Q9P8F8	55.5
P35060	Q8VIK3	54.7
P35060	Q92522	53.5
P35060	P06348	52.4
P35060	Q07133	51.2
P35060	P06349	50.8
P35060	Q05831	48.5
P35060	Q86QI0	46.6
P35060	Q86QH9	47.4
P35060	Q8J0U2	46.6
P35060	Q75C22	44.3
P35060	P53551	41.6
P35060	Q6FJX6	28.1
P35060	P22975	26.6
P35060	Q8CJI4	27.7
P35060	Q75WM6	23.5
P35060	Q6CK60	19.6
P35060	P16887	18.9
P35060	P02293	17.7
P40265	P40265	395
P40265	P06144	103
P40265	P07796	100
P40265	P19375	97.8
P40265	A0A2Z5U3Q6	97.1
P40265	P35060	95.9
P40265	P06894	93.6
P40265	P15869	92.8
P40265	P02257	73.2
P40265	Q99284	64.3
P40265	Q3HNG7	64.7
P40265	P15870	62.4
P40265	Q8IZA3	61.2
P40265	Q99282	56.6
P40265	D4A3K5	58.9
P40265	Q9UV33	58.9
P40265	Q18336	57.4
P40265	P16402	55.8
P40265	P15865	55.8
P40265	P16403	54.7
P40265	P10412	53.9
P40265	Q8VIK3	53.5
P40265	Q07133	52.8
P40265	Q9P8F8	51.6
P40265	P06349	51.6
P40265	P40286	50.4
P40265	P22492	49.7
P40265	P06348	47.8
P40265	Q8J0U2	48.1
P40265	Q75C22	47.8
P40265	Q92522	45.1
P40265	Q05831	41.2
P40265	Q86QH9	38.5
P40265	Q86QI0	37.4
P40265	P53551	35.0
P40265	Q6FJX6	32.0
P40265	Q75WM6	29.6
P40265	Q8CJI4	27.3
P40265	P22975	22.3
P40265	P48989	20.0
P40265	P02293	19.6
P40265	Q6FWM8	19.6
P40265	Q6CK60	18.9
P40265	Q74ZL5	18.9
Q86QH9	Q86QH9	379
Q86QH9	Q05831	275
Q86QH9	Q86QI0	229
Q86QH9	Q3HNG7	63.9
Q86QH9	P07796	62.4
Q86QH9	Q8VIK3	61.2
Q86QH9	P15869	60.1
Q86QH9	Q99284	57.0
Q86QH9	Q8IZA3	59.7
Q86QH9	P06144	58.2
Q86QH9	P22975	49.7
Q86QH9	P19375	52.0
Q86QH9	A0A2Z5U3Q6	49.7
Q86QH9	P02257	48.9
Q86QH9	Q9P8F8	48.9
Q86QH9	Q8J0U2	48.9
Q86QH9	P06894	43.5
Q86QH9	Q18336	44.3
Q86QH9	P35060	43.1
Q86QH9	Q75C22	42.7
Q86QH9	P15870	40.0
Q86QH9	Q9UV33	40.4
Q86QH9	Q99282	37.0
Q86QH9	P40265	39.3
Q86QH9	P53551	38.1
Q86QH9	P15865	31.2
Q86QH9	Q6FJX6	29.6
Q86QH9	P10412	28.5
Q86QH9	Q07133	28.1
Q86QH9	P06349	27.7
Q86QH9	D4A3K5	27.7
Q86QH9	P22492	27.3
Q86QH9	P16403	26.6
Q86QH9	P16402	25.0
Q86QH9	P53250	24.6
Q86QH9	P40286	24.6
Q86QH9	P06348	24.3
Q86QH9	Q8CJI4	24.3
Q86QH9	Q75WM6	20.4
Q86QH9	P27204	18.5
Q86QH9	Q92522	18.5
Q86QI0	Q86QI0	233
Q86QI0	Q86QH9	229
Q86QI0	Q05831	216
Q86QI0	P07796	64.3
Q86QI0	P06144	60.5
Q86QI0	Q99284	57.8
Q86QI0	P15869	59.7
Q86QI0	Q3HNG7	60.1
Q86QI0	Q8VIK3	58.5
Q86QI0	Q8IZA3	58.5
Q86QI0	P19375	51.6
Q86QI0	P02257	49.7
Q86QI0	A0A2Z5U3Q6	48.9
Q86QI0	P22975	46.2
Q86QI0	P06894	45.8
Q86QI0	Q8J0U2	45.8
Q86QI0	Q18336	45.1
Q86QI0	P35060	43.9
Q86QI0	Q9P8F8	43.9
Q86QI0	P15870	41.2
Q86QI0	P40265	41.2
Q86QI0	Q75C22	40.8
Q86QI0	Q99282	37.7
Q86QI0	P53551	39.7
Q86QI0	Q9UV33	38.9
Q86QI0	Q6FJX6	29.3
Q86QI0	P15865	28.5
Q86QI0	D4A3K5	27.7
Q86QI0	Q07133	26.9
Q86QI0	P06349	26.6
Q86QI0	P53250	26.6
Q86QI0	P16403	26.2
Q86QI0	P10412	26.2
Q86QI0	P22492	25.8
Q86QI0	P16402	25.0
Q86QI0	Q8CJI4	23.9
Q86QI0	P40286	23.5
Q86QI0	P06348	23.1
Q86QI0	Q75WM6	20.0
Q86QI0	Q92522	20.0
Q86SE1	Q86SE1	169
Q86SE1	P53729	19.2
Q86SE1	Q75C22	18.9
Q86SE1	A0A8B7Y813	18.9
Q86SE1	A0A8B7Y9T9	18.9
Q86SE1	A0A7M7NK35	18.5
Q86SE1	Q6FWM8	18.5
Q86SE1	P34225	18.1
Q86SE1	A0A2G8JXS7	16.9
Q86SE1	A0A9Q1BUN4	16.9
B3EWU8	B3EWU8	19.6
D2Y2F4	D2Y2F4	184
D2Y2F4	D2Y2Q6	147
D2Y2F4	A0A8B7Y9T9	20.0
D2Y2F4	A0A8B7Y813	18.1
D2Y2F4	P34225	17.7
P27204	P27204	170
P27204	P22975	37.4
P27204	P06144	22.3
P27204	Q8IZA3	21.9
P27204	Q99282	20.8
P27204	P07796	21.2
P27204	P15869	20.8
P27204	P53551	20.8
P27204	Q9P8F8	20.8
P27204	P15870	20.4
P27204	Q75C22	20.4
P27204	P38340	18.5
P27204	P40286	18.1
P27204	P04913	17.7
P27204	P22492	18.1
P27204	Q3HNG7	18.1
P27204	Q86QH9	17.7
P27204	P06348	17.7
P27204	P53250	17.3
P27204	Q74ZL5	17.3
P27204	Q05831	17.3
P27204	Q8J0U2	17.3
S0F209	S0F209	161
S0F209	Q3HNG7	18.9
S0F209	A0A9Q1BUN4	18.1
S0F209	P53551	17.3
S0F209	Q75C22	17.3
S0F209	D4A3K5	16.5
S0F209	Q2XQ09	16.5
D4A3K5	D4A3K5	372
D4A3K5	P16402	127
D4A3K5	P10412	125
D4A3K5	P40286	124
D4A3K5	Q07133	122
D4A3K5	P15865	123
D4A3K5	P22492	120
D4A3K5	P06349	116
D4A3K5	P16403	115
D4A3K5	P06348	108
D4A3K5	P15869	71.2
D4A3K5	P35060	68.9
D4A3K5	P40265	67.4
D4A3K5	P19375	64.7
D4A3K5	A0A2Z5U3Q6	64.7
D4A3K5	P07796	62.0
D4A3K5	P06144	58.5
D4A3K5	Q8CJI4	58.5
D4A3K5	Q92522	57.0
D4A3K5	Q75WM6	51.6
D4A3K5	Q99284	48.5
D4A3K5	P02257	49.3
D4A3K5	Q99282	47.0
D4A3K5	P06894	47.8
D4A3K5	Q18336	47.4
D4A3K5	Q3HNG7	45.4
D4A3K5	Q8IZA3	40.0
D4A3K5	Q75C22	39.3
D4A3K5	P15870	38.9
D4A3K5	Q9UV33	37.7
D4A3K5	Q05831	35.8
D4A3K5	P53551	35.8
D4A3K5	Q8VIK3	35.0
D4A3K5	Q9P8F8	33.9
D4A3K5	Q86QH9	33.5
D4A3K5	Q86QI0	31.2
D4A3K5	Q8J0U2	30.0
D4A3K5	Q8N1T3	26.2
D4A3K5	Q6FJX6	19.2
D4A3K5	A0A0P0E482	18.9
D4A3K5	Q9ULR3	18.9
P04908	P04908	258
P04908	Q8CGP6	254
P04908	P04735	212
P04908	Q74ZL4	199
P04908	P04909	196
P04908	P04911	186
P04908	Q6FWM7	184
P04908	P0CN98	181
P04908	P02287	24.6
P04908	Q93079	24.3
P04908	Q64478	24.3
P04908	P07794	23.9
P04908	Q74ZL5	23.1
P04908	Q6FWM8	22.7
P04908	P04913	22.3
P04908	P02293	22.3
P04908	P48989	22.3
P04908	P06146	22.3
P04908	P35068	22.3
P04908	Q6CK60	22.3
P04908	P16887	21.9
P04908	P16888	21.6
P04908	P02290	20.4
P04908	Q9P8F8	20.4
P04908	P06145	19.2
P04908	O13777	19.2
P04908	Q27749	18.5
P04908	Q91YA2	17.7
P04908	Q0V7M1	17.7
P06349	P06349	391
P06349	Q07133	316
P06349	P40286	202
P06349	P22492	189
P06349	P06348	167
P06349	D4A3K5	113
P06349	P16402	111
P06349	P16403	104
P06349	P10412	103
P06349	P15865	101
P06349	P35060	56.2
P06349	P40265	57.0
P06349	P19375	54.7
P06349	P07796	53.1
P06349	P06144	52.8
P06349	A0A2Z5U3Q6	52.8
P06349	Q92522	51.6
P06349	P15869	50.8
P06349	Q99282	45.1
P06349	P06894	42.4
P06349	P02257	43.1
P06349	Q75WM6	43.5
P06349	Q99284	40.8
P06349	Q3HNG7	41.6
P06349	P15870	40.0
P06349	Q8CJI4	40.8
P06349	Q18336	40.0
P06349	Q8IZA3	36.6
P06349	Q75C22	36.2
P06349	Q9UV33	33.5
P06349	Q8VIK3	33.5
P06349	Q05831	32.7
P06349	Q86QH9	32.7
P06349	P53551	32.3
P06349	Q86QI0	30.8
P06349	Q8J0U2	30.8
P06349	Q9P8F8	29.6
P06349	O13881	22.7
P06349	D2Y2C6	18.5
P10412	P10412	362
P10412	P15865	348
P10412	P16402	186
P10412	P16403	159
P10412	P40286	145
P10412	P22492	141
P10412	D4A3K5	129
P10412	P06348	122
P10412	P06349	121
P10412	Q07133	120
P10412	P19375	70.1
P10412	P40265	69.7
P10412	A0A2Z5U3Q6	68.6
P10412	P35060	67.0
P10412	P06144	63.5
P10412	P07796	60.1
P10412	P02257	59.3
P10412	Q92522	58.9
P10412	P15869	58.5
P10412	P06894	51.6
P10412	Q8CJI4	52.4
P10412	Q99282	47.4
P10412	Q99284	46.2
P10412	Q75WM6	46.2
P10412	Q3HNG7	45.1
P10412	Q18336	44.3
P10412	Q8IZA3	43.5
P10412	P15870	41.2
P10412	Q9UV33	39.3
P10412	Q8VIK3	37.0
P10412	Q9P8F8	35.8
P10412	Q75C22	34.3
P10412	Q86QH9	33.9
P10412	Q05831	33.9
P10412	P53551	32.7
P10412	Q8J0U2	32.0
P10412	Q86QI0	30.8
P10412	P48989	26.6
P10412	Q74ZL5	25.4
P10412	P02293	23.1
P10412	Q6CK60	22.7
P10412	Q6FWM8	22.3
P10412	Q6FWM7	19.6
P10412	P06146	18.9
P15865	P15865	367
P15865	P16402	183
P15865	P10412	171
P15865	P16403	160
P15865	P40286	144
P15865	P22492	140
P15865	D4A3K5	126
P15865	P06348	124
P15865	P06349	119
P15865	Q07133	118
P15865	P19375	70.5
P15865	P40265	69.7
P15865	A0A2Z5U3Q6	68.6
P15865	P35060	67.0
P15865	P06144	63.9
P15865	P07796	60.5
P15865	P02257	59.3
P15865	Q92522	58.9
P15865	P15869	58.5
P15865	P06894	51.6
P15865	Q8CJI4	52.4
P15865	Q99282	47.4
P15865	Q99284	46.2
P15865	Q75WM6	46.2
P15865	Q18336	44.7
P15865	Q3HNG7	44.7
P15865	Q8IZA3	43.1
P15865	P15870	41.2
P15865	Q9UV33	39.3
P15865	Q05831	37.0
P15865	Q86QH9	36.6
P15865	Q8VIK3	37.0
P15865	Q9P8F8	36.2
P15865	Q75C22	34.7
P15865	Q86QI0	32.3
P15865	P53551	32.7
P15865	Q8J0U2	32.0
P15865	P02293	24.6
P15865	P48989	24.3
P15865	Q6FWM8	23.9
P15865	Q74ZL5	22.3
P15865	Q6CK60	21.2
P15865	P13281	18.9
P15865	Q6FWM7	19.2
P15865	P06146	18.1
P16402	P16402	379
P16402	P10412	159
P16402	P15865	157
P16402	P16403	157
P16402	P40286	129
P16402	P22492	125
P16402	D4A3K5	124
P16402	P06348	123
P16402	P06349	119
P16402	Q07133	117
P16402	P19375	70.1
P16402	A0A2Z5U3Q6	68.9
P16402	P40265	68.9
P16402	P35060	67.0
P16402	P06144	64.3
P16402	P07796	60.5
P16402	P02257	59.7
P16402	Q92522	59.7
P16402	P15869	58.5
P16402	P06894	51.6
P16402	Q8CJI4	54.3
P16402	Q99282	47.8
P16402	Q99284	46.2
P16402	Q75WM6	46.2
P16402	Q18336	45.1
P16402	Q3HNG7	43.9
P16402	P15870	42.0
P16402	Q8IZA3	42.0
P16402	Q9UV33	39.3
P16402	Q9P8F8	35.4
P16402	Q8VIK3	35.4
P16402	P53551	35.0
P16402	Q75C22	34.7
P16402	Q05831	33.5
P16402	Q86QH9	32.7
P16402	Q8J0U2	32.3
P16402	Q86QI0	31.2
P16402	P48989	20.0
P16402	P22975	18.5
P16402	Q6CK60	18.9
P16402	Q74ZL5	18.5
P16402	P02293	18.5
P16402	A0A9Q1BUN4	18.5
P16403	P16403	360
P16403	P16402	171
P16403	P15865	161
P16403	P10412	160
P16403	P40286	131
P16403	P22492	125
P16403	P06348	124
P16403	D4A3K5	122
P16403	P06349	117
P16403	Q07133	116
P16403	P19375	70.5
P16403	P40265	69.3
P16403	A0A2Z5U3Q6	68.9
P16403	P35060	67.0
P16403	P06144	64.3
P16403	P07796	60.5
P16403	P02257	59.3
P16403	Q92522	58.5
P16403	P15869	58.5
P16403	P06894	51.6
P16403	Q8CJI4	52.0
P16403	Q99284	48.5
P16403	Q99282	47.4
P16403	Q75WM6	45.8
P16403	Q18336	44.7
P16403	Q3HNG7	43.9
P16403	P15870	42.0
P16403	Q8IZA3	42.4
P16403	Q9UV33	39.3
P16403	Q05831	35.0
P16403	P53551	35.0
P16403	Q75C22	34.7
P16403	Q9P8F8	34.3
P16403	Q86QH9	33.9
P16403	Q8VIK3	34.3
P16403	Q8J0U2	32.3
P16403	Q86QI0	31.2
P16403	P48989	22.7
P16403	Q6FWM8	22.7
P16403	Q6FWM7	22.3
P16403	P02293	21.9
P16403	Q0V7M1	21.9
P16403	Q91YA2	21.6
P16403	Q74ZL5	20.0
P16403	Q6CK60	19.2
P16403	Q74ZL4	18.9
P22492	P22492	392
P22492	P40286	320
P22492	P06348	204
P22492	Q07133	174
P22492	P06349	165
P22492	P15865	105
P22492	P10412	105
P22492	D4A3K5	102
P22492	P16403	97.4
P22492	P16402	95.9
P22492	P40265	57.0
P22492	P35060	55.8
P22492	A0A2Z5U3Q6	52.4
P22492	P19375	52.0
P22492	P06144	51.2
P22492	P07796	50.4
P22492	Q92522	49.3
P22492	P15869	47.8
P22492	Q99282	43.9
P22492	Q75WM6	43.5
P22492	P06894	42.0
P22492	Q8CJI4	43.1
P22492	P02257	42.0
P22492	Q99284	40.4
P22492	Q3HNG7	42.0
P22492	Q18336	40.0
P22492	Q8VIK3	36.6
P22492	Q8IZA3	34.7
P22492	P53551	34.3
P22492	P15870	33.5
P22492	Q8J0U2	30.0
P22492	Q9UV33	29.6
P22492	Q05831	29.3
P22492	Q86QH9	28.9
P22492	Q9P8F8	28.1
P22492	Q75C22	27.7
P22492	Q86QI0	25.8
P22492	Q8N1T3	19.6
P22492	P34225	19.6
P22492	Q6FJX6	18.9
P80294	P80294	103
P80294	Q2XQ09	17.7
P80294	A0A9Q1BUN4	16.5
P80294	Q9ULR3	16.5
Q07133	Q07133	389
Q07133	P06349	298
Q07133	P40286	203
Q07133	P22492	188
Q07133	P06348	166
Q07133	D4A3K5	114
Q07133	P16402	109
Q07133	P16403	102
Q07133	P10412	101
Q07133	P15865	100
Q07133	P40265	59.3
Q07133	P35060	57.4
Q07133	P19375	55.5
Q07133	P07796	55.5
Q07133	A0A2Z5U3Q6	54.7
Q07133	P06144	53.1
Q07133	Q92522	52.4
Q07133	P15869	52.0
Q07133	Q99282	44.7
Q07133	Q75WM6	46.2
Q07133	P06894	43.1
Q07133	P02257	43.5
Q07133	Q99284	41.6
Q07133	Q3HNG7	42.7
Q07133	P15870	41.6
Q07133	Q8CJI4	41.6
Q07133	Q18336	40.4
Q07133	Q8IZA3	37.4
Q07133	Q75C22	35.8
Q07133	Q8VIK3	34.3
Q07133	Q9UV33	33.9
Q07133	Q05831	33.1
Q07133	Q86QH9	33.1
Q07133	P53551	32.3
Q07133	Q86QI0	31.2
Q07133	Q8J0U2	30.8
Q07133	Q9P8F8	30.4
Q07133	O13881	21.2
Q07133	D2Y2C6	18.5
Q0V7M1	Q0V7M1	877
Q0V7M1	Q91YA2	851
Q0V7M1	Q8N1T3	23.1
Q0V7M1	Q6CK60	19.6
Q3HNG7	Q3HNG7	647
Q3HNG7	Q8IZA3	296
Q3HNG7	Q8VIK3	150
Q3HNG7	Q05831	58.5
Q3HNG7	Q86QH9	57.0
Q3HNG7	P15869	56.2
Q3HNG7	P40265	55.5
Q3HNG7	P07796	54.7
Q3HNG7	Q86QI0	52.4
Q3HNG7	P19375	52.0
Q3HNG7	P35060	50.8
Q3HNG7	A0A2Z5U3Q6	50.1
Q3HNG7	P06144	49.7
Q3HNG7	P02257	47.0
Q3HNG7	P06894	41.2
Q3HNG7	Q18336	40.8
Q3HNG7	Q99284	38.1
Q3HNG7	Q9UV33	36.2
Q3HNG7	P22492	35.4
Q3HNG7	P53551	34.7
Q3HNG7	Q8J0U2	33.9
Q3HNG7	Q07133	33.5
Q3HNG7	Q99282	30.4
Q3HNG7	P06349	32.3
Q3HNG7	P40286	32.3
Q3HNG7	Q9P8F8	32.0
Q3HNG7	P15870	31.6
Q3HNG7	Q75C22	31.2
Q3HNG7	P16402	30.8
Q3HNG7	P15865	30.8
Q3HNG7	Q6FJX6	30.4
Q3HNG7	P16403	30.0
Q3HNG7	P06348	29.6
Q3HNG7	P10412	28.9
Q3HNG7	Q92522	28.1
Q3HNG7	D4A3K5	28.1
Q3HNG7	Q75WM6	23.5
Q3HNG7	P16888	21.2
Q3HNG7	Q8CJI4	19.6
Q3HNG7	P35068	18.9
Q64478	Q64478	254
Q64478	Q93079	251
Q64478	P02287	191
Q64478	P35068	190
Q64478	P07794	186
Q64478	Q6FWM8	180
Q64478	P02293	180
Q64478	P48989	177
Q64478	Q74ZL5	176
Q64478	Q6CK60	174
Q64478	P16888	173
Q64478	P04913	172
Q64478	P06146	169
Q64478	P16887	167
Q64478	P06145	166
Q64478	P02290	166
Q64478	Q27749	164
Q64478	P0CN98	26.2
Q64478	P04735	25.4
Q64478	Q6FWM7	24.6
Q64478	P04908	24.3
Q64478	P04909	24.3
Q64478	Q8CGP6	24.3
Q64478	Q74ZL4	23.9
Q64478	P04911	23.5
Q64478	Q99282	19.2
Q64478	P53551	19.6
Q64478	C0JAT9	17.7
Q64478	Q92522	17.7
Q64478	A0A8B7Y813	17.7
Q64478	A0A8B7Y9T9	17.7
Q64478	Q3HNG7	17.3
Q75WM6	Q75WM6	490
Q75WM6	Q8CJI4	145
Q75WM6	D4A3K5	33.9
Q75WM6	P22492	32.7
Q75WM6	Q07133	30.8
Q75WM6	P06348	29.3
Q75WM6	P40286	28.9
Q75WM6	P15865	28.9
Q75WM6	P16402	28.9
Q75WM6	P06349	28.5
Q75WM6	P16403	28.1
Q75WM6	P10412	27.7
Q75WM6	P06144	26.2
Q75WM6	P15869	25.8
Q75WM6	P40265	25.4
Q75WM6	P07796	24.3
Q75WM6	Q3HNG7	23.5
Q75WM6	Q99284	22.3
Q75WM6	Q92522	21.6
Q75WM6	Q8IZA3	20.8
Q75WM6	P02257	20.4
Q75WM6	A0A9Q1BUN4	20.0
Q75WM6	P19375	20.0
Q75WM6	P35060	19.6
Q75WM6	Q9ULR3	19.6
Q75WM6	Q8N1T3	19.2
Q75WM6	Q0V7M1	18.9
Q75WM6	D2Y2C6	18.5
Q75WM6	Q91YA2	18.9
Q8CGP6	Q8CGP6	254
Q8CGP6	P04908	254
Q8CGP6	P04735	212
Q8CGP6	Q74ZL4	200
Q8CGP6	P04909	196
Q8CGP6	P04911	186
Q8CGP6	Q6FWM7	184
Q8CGP6	P0CN98	181
Q8CGP6	P02287	24.6
Q8CGP6	Q93079	24.3
Q8CGP6	Q64478	24.3
Q8CGP6	P07794	23.9
Q8CGP6	Q74ZL5	23.1
Q8CGP6	Q6FWM8	22.7
Q8CGP6	P04913	22.3
Q8CGP6	P02293	22.3
Q8CGP6	P06146	22.3
Q8CGP6	P48989	22.3
Q8CGP6	P35068	21.9
Q8CGP6	Q6CK60	21.9
Q8CGP6	P16887	21.9
Q8CGP6	P16888	21.6
Q8CGP6	Q9P8F8	20.4
Q8CGP6	P02290	20.4
Q8CGP6	P06145	19.2
Q8CGP6	O13777	19.2
Q8CGP6	Q27749	18.5
Q8CGP6	Q0V7M1	17.7
Q8CGP6	Q91YA2	17.7
Q8CJI4	Q8CJI4	769
Q8CJI4	Q75WM6	138
Q8CJI4	D4A3K5	35.4
Q8CJI4	P15865	33.1
Q8CJI4	P16402	33.1
Q8CJI4	P16403	31.6
Q8CJI4	P10412	31.6
Q8CJI4	P06348	31.6
Q8CJI4	P22492	30.8
Q8CJI4	P15869	29.3
Q8CJI4	P40286	28.9
Q8CJI4	Q99282	26.9
Q8CJI4	Q07133	26.9
Q8CJI4	P06349	26.2
Q8CJI4	P19375	26.2
Q8CJI4	A0A2Z5U3Q6	24.6
Q8CJI4	P06144	24.3
Q8CJI4	Q99284	22.7
Q8CJI4	P02257	23.5
Q8CJI4	P35060	23.1
Q8CJI4	P40265	22.7
Q8CJI4	Q92522	21.9
Q8CJI4	Q05831	20.4
Q8CJI4	P48989	20.0
Q8CJI4	Q3HNG7	20.4
Q8CJI4	Q86QI0	19.6
Q8CJI4	P07796	20.0
Q8CJI4	Q8IZA3	19.6
Q8CJI4	Q86QH9	19.2
Q8IZA3	Q8IZA3	656
Q8IZA3	Q3HNG7	289
Q8IZA3	Q8VIK3	175
Q8IZA3	P15869	56.2
Q8IZA3	Q05831	55.8
Q8IZA3	P40265	53.9
Q8IZA3	Q86QH9	52.4
Q8IZA3	P07796	52.0
Q8IZA3	Q86QI0	50.1
Q8IZA3	P19375	50.8
Q8IZA3	P35060	49.7
Q8IZA3	P06144	50.1
Q8IZA3	A0A2Z5U3Q6	48.5
Q8IZA3	P02257	46.6
Q8IZA3	P06894	42.4
Q8IZA3	Q99284	37.7
Q8IZA3	Q18336	39.3
Q8IZA3	Q6FJX6	38.9
Q8IZA3	P22975	35.0
Q8IZA3	Q9UV33	36.2
Q8IZA3	P53551	35.0
Q8IZA3	Q8J0U2	33.9
Q8IZA3	Q75C22	32.3
Q8IZA3	Q9P8F8	32.0
Q8IZA3	P40286	32.0
Q8IZA3	Q99282	28.5
Q8IZA3	P16402	30.0
Q8IZA3	P15870	29.6
Q8IZA3	P22492	29.6
Q8IZA3	P15865	29.6
Q8IZA3	Q92522	29.3
Q8IZA3	P16403	28.9
Q8IZA3	Q07133	28.9
Q8IZA3	P06348	28.5
Q8IZA3	P10412	27.3
Q8IZA3	P06349	26.9
Q8IZA3	D4A3K5	26.6
Q8IZA3	P27204	21.6
Q8IZA3	Q75WM6	22.3
Q8IZA3	Q91YA2	20.8
Q8IZA3	Q0V7M1	19.6
Q8IZA3	P48989	18.9
Q8IZA3	Q8CJI4	19.2
Q8N1T3	Q8N1T3	2133
Q8N1T3	Q91YA2	23.1
Q8N1T3	Q0V7M1	22.7
Q8N1T3	O13881	22.3
Q8N1T3	A0A7M7NK35	21.2
Q8VIK3	Q8VIK3	607
Q8VIK3	Q8IZA3	180
Q8VIK3	Q3HNG7	156
Q8VIK3	Q05831	57.4
Q8VIK3	P15869	56.2
Q8VIK3	Q86QH9	55.8
Q8VIK3	Q86QI0	52.8
Q8VIK3	P07796	48.9
Q8VIK3	P06144	47.0
Q8VIK3	P19375	46.6
Q8VIK3	A0A2Z5U3Q6	45.8
Q8VIK3	P40265	46.2
Q8VIK3	P35060	44.7
Q8VIK3	P53551	43.1
Q8VIK3	Q99284	39.7
Q8VIK3	Q6FJX6	42.0
Q8VIK3	P02257	39.3
Q8VIK3	Q9UV33	39.7
Q8VIK3	P06894	37.7
Q8VIK3	P22975	36.2
Q8VIK3	Q8J0U2	38.1
Q8VIK3	P15870	36.6
Q8VIK3	Q99282	33.9
Q8VIK3	Q75C22	35.8
Q8VIK3	Q18336	34.7
Q8VIK3	Q9P8F8	32.0
Q8VIK3	P22492	31.6
Q8VIK3	Q92522	30.4
Q8VIK3	P40286	28.1
Q8VIK3	P06348	27.7
Q8VIK3	Q07133	27.7
Q8VIK3	D4A3K5	26.9
Q8VIK3	P06349	26.6
Q8VIK3	P16403	25.8
Q8VIK3	P16402	25.8
Q8VIK3	P15865	25.0
Q8VIK3	P10412	23.5
Q8VIK3	Q2XQ09	20.8
Q8VIK3	P02293	19.2
Q8VIK3	P36008	18.9
Q91YA2	Q91YA2	879
Q91YA2	Q0V7M1	851
Q91YA2	Q8N1T3	23.1
Q91YA2	Q18336	20.4
Q92522	Q92522	412
Q92522	P06144	50.4
Q92522	P16402	50.4
Q92522	P15865	49.7
Q92522	D4A3K5	48.9
Q92522	P16403	48.5
Q92522	P40286	48.1
Q92522	P22492	48.1
Q92522	P15869	47.8
Q92522	P10412	47.8
Q92522	P19375	47.0
Q92522	A0A2Z5U3Q6	46.6
Q92522	P35060	46.2
Q92522	Q07133	45.8
Q92522	P06349	44.3
Q92522	Q99282	41.6
Q92522	P06348	43.1
Q92522	P40265	42.7
Q92522	P07796	40.4
Q92522	Q99284	38.1
Q92522	Q8IZA3	40.0
Q92522	P15870	34.3
Q92522	P02257	33.9
Q92522	P06894	31.2
Q92522	Q8VIK3	32.0
Q92522	Q3HNG7	32.0
Q92522	Q9P8F8	30.4
Q92522	P53551	29.6
Q92522	Q75C22	27.7
Q92522	Q18336	25.8
Q92522	Q9UV33	23.5
Q92522	Q75WM6	22.3
Q92522	Q8CJI4	22.3
Q92522	A0A9Q1BUN4	20.4
Q92522	Q6FJX6	19.6
Q92522	Q8J0U2	19.2
Q92522	Q6FWM8	18.9
Q92522	P36008	18.9
Q92522	Q93079	18.5
Q92522	Q64478	18.5
Q92522	P34225	18.5
Q92522	Q9ULR3	18.5
Q93079	Q93079	254
Q93079	Q64478	251
Q93079	P02287	192
Q93079	P35068	190
Q93079	P07794	186
Q93079	P02293	181
Q93079	Q6FWM8	180
Q93079	P48989	177
Q93079	Q74ZL5	176
Q93079	Q6CK60	174
Q93079	P16888	173
Q93079	P04913	172
Q93079	P06146	169
Q93079	P16887	167
Q93079	P06145	166
Q93079	P02290	166
Q93079	Q27749	164
Q93079	P0CN98	26.2
Q93079	P04735	25.4
Q93079	Q6FWM7	24.6
Q93079	P04908	24.3
Q93079	P04909	24.3
Q93079	Q8CGP6	24.3
Q93079	Q74ZL4	23.9
Q93079	P04911	23.5
Q93079	P53551	20.4
Q93079	Q99282	19.2
Q93079	A0A8B7Y813	17.7
Q93079	Q92522	17.7
Q93079	A0A8B7Y9T9	17.7
Q93079	C0JAT9	17.3
Q93079	Q3HNG7	17.3
Q9ULR3	Q9ULR3	1064
Q9ULR3	C0JAT9	23.1
Q9ULR3	Q18336	21.9
Q9ULR3	D2Y2C6	20.0
Q9ULR3	Q75WM6	20.4
Q9ULR3	P53322	20.0
P06348	P06348	392
P06348	P40286	253
P06348	P22492	231
P06348	Q07133	183
P06348	P06349	172
P06348	P15865	108
P06348	P16403	108
P06348	P16402	107
P06348	P10412	105
P06348	D4A3K5	104
P06348	P40265	57.4
P06348	P35060	55.8
P06348	P19375	53.5
P06348	P06144	52.0
P06348	A0A2Z5U3Q6	51.6
P06348	P07796	50.8
P06348	Q92522	48.9
P06348	P15869	47.8
P06348	Q8CJI4	47.4
P06348	Q3HNG7	45.8
P06348	Q75WM6	44.7
P06348	Q99284	42.0
P06348	P02257	43.1
P06348	Q99282	39.7
P06348	P06894	39.7
P06348	Q18336	39.3
P06348	P53551	37.4
P06348	Q8IZA3	37.4
P06348	Q75C22	35.8
P06348	Q8VIK3	34.7
P06348	P15870	32.0
P06348	Q8J0U2	32.0
P06348	Q9UV33	28.9
P06348	Q05831	28.9
P06348	Q86QH9	28.5
P06348	Q9P8F8	27.7
P06348	Q86QI0	26.2
P06348	P04913	18.1
P40286	P40286	394
P40286	P22492	314
P40286	P06348	226
P40286	Q07133	188
P40286	P06349	176
P40286	D4A3K5	105
P40286	P15865	100
P40286	P10412	100
P40286	P16402	99.0
P40286	P16403	97.8
P40286	P40265	57.8
P40286	P35060	56.2
P40286	A0A2Z5U3Q6	52.8
P40286	P19375	52.4
P40286	Q92522	52.4
P40286	P06144	51.6
P40286	P07796	50.4
P40286	P15869	48.5
P40286	Q99282	43.1
P40286	P02257	44.3
P40286	Q99284	41.6
P40286	Q75WM6	43.9
P40286	Q8CJI4	43.5
P40286	Q18336	42.0
P40286	Q3HNG7	42.0
P40286	P06894	40.0
P40286	Q8IZA3	40.4
P40286	Q8VIK3	34.7
P40286	P15870	33.9
P40286	P53551	32.0
P40286	Q8J0U2	30.0
P40286	Q9UV33	30.0
P40286	Q05831	29.6
P40286	Q86QH9	29.6
P40286	Q75C22	29.3
P40286	Q9P8F8	28.5
P40286	Q86QI0	26.2
P40286	Q8N1T3	20.8
